shipment_id,decision_time,cohort,source,latest_temperature_c,measurement_age_minutes,arrival_delay_minutes,temperature_missing,temperature_count,temperature_mean_c,temperature_max_c,temperature_trend_c_per_hour,temperature_span_hours,label,label_cutoff
s-00000,2026-01-01 08:00:00+00:00,train,sensor-north,3.798,60.0,35.0,0,2,4.2425,4.687,-0.8890000000000002,1.0,0,2026-02-15 08:00:00+00:00
s-00000,2026-01-01 11:00:00+00:00,train,sensor-north,5.386,60.0,2.0,0,1,5.386,5.386,,0.0,1,2026-02-15 08:00:00+00:00
s-00001,2026-01-01 11:00:00+00:00,train,sensor-central,4.436,60.0,0.0,0,2,4.0600000000000005,4.436,0.7519999999999998,1.0,0,2026-02-15 08:00:00+00:00
s-00000,2026-01-01 14:00:00+00:00,train,sensor-north,9.857,0.0,0.0,0,3,8.977666666666666,9.857,1.1124999999999998,2.0,1,2026-02-15 08:00:00+00:00
s-00001,2026-01-01 14:00:00+00:00,train,sensor-central,6.839,0.0,0.0,0,3,5.2700000000000005,6.839,1.0275000000000003,2.0,0,2026-02-15 08:00:00+00:00
s-00002,2026-01-01 14:00:00+00:00,train,sensor-coast,4.184,60.0,2.0,0,2,4.5169999999999995,4.85,-0.6659999999999995,1.0,0,2026-02-15 08:00:00+00:00
s-00001,2026-01-01 17:00:00+00:00,train,sensor-central,7.38,60.0,2.0,0,1,7.38,7.38,,0.0,1,2026-02-15 08:00:00+00:00
s-00002,2026-01-01 17:00:00+00:00,train,sensor-coast,4.325,60.0,2.0,0,2,4.406000000000001,4.487,-0.16199999999999992,1.0,0,2026-02-15 08:00:00+00:00
s-00003,2026-01-01 17:00:00+00:00,train,sensor-north,3.598,0.0,0.0,0,2,3.8605,4.123,-0.2625000000000002,2.0,0,2026-02-15 08:00:00+00:00
s-00002,2026-01-01 20:00:00+00:00,train,sensor-coast,4.708,120.0,5.0,0,1,4.708,4.708,,0.0,0,2026-02-15 08:00:00+00:00
s-00003,2026-01-01 20:00:00+00:00,train,sensor-north,4.564,60.0,2.0,0,2,4.537,4.564,0.05400000000000027,1.0,0,2026-02-15 08:00:00+00:00
s-00004,2026-01-01 20:00:00+00:00,train,sensor-central,4.056,60.0,1.0,0,1,4.056,4.056,,0.0,0,2026-02-15 08:00:00+00:00
s-00003,2026-01-01 23:00:00+00:00,train,sensor-north,5.132,0.0,0.0,0,3,4.779,5.132,0.21099999999999985,2.0,0,2026-02-15 08:00:00+00:00
s-00004,2026-01-01 23:00:00+00:00,train,sensor-central,5.764,60.0,0.0,0,1,5.764,5.764,,0.0,0,2026-02-15 08:00:00+00:00
s-00005,2026-01-01 23:00:00+00:00,train,sensor-coast,4.529,60.0,5.0,0,2,4.4735,4.529,0.11099999999999977,1.0,0,2026-02-15 08:00:00+00:00
s-00004,2026-01-02 02:00:00+00:00,train,sensor-central,4.842,60.0,5.0,0,2,4.6915,4.842,0.30099999999999927,1.0,0,2026-02-15 08:00:00+00:00
s-00005,2026-01-02 02:00:00+00:00,train,sensor-coast,4.45,60.0,35.0,0,2,4.605,4.76,-0.3099999999999996,1.0,0,2026-02-15 08:00:00+00:00
s-00006,2026-01-02 02:00:00+00:00,train,sensor-north,5.176,60.0,5.0,0,2,4.805,5.176,0.742,1.0,0,2026-02-15 08:00:00+00:00
s-00005,2026-01-02 05:00:00+00:00,train,sensor-coast,8.436,60.0,35.0,0,2,7.6625,8.436,1.5469999999999997,1.0,1,2026-02-15 08:00:00+00:00
s-00006,2026-01-02 05:00:00+00:00,train,sensor-north,4.867,60.0,0.0,0,2,4.883,4.899,-0.03200000000000003,1.0,0,2026-02-15 08:00:00+00:00
s-00007,2026-01-02 05:00:00+00:00,train,sensor-central,4.532,60.0,2.0,0,2,3.891,4.532,1.282,1.0,0,2026-02-15 08:00:00+00:00
s-00006,2026-01-02 08:00:00+00:00,train,sensor-north,9.806,0.0,0.0,0,1,9.806,9.806,,0.0,1,2026-02-15 08:00:00+00:00
s-00007,2026-01-02 08:00:00+00:00,train,sensor-central,4.144,60.0,1.0,0,2,4.0825,4.144,0.12300000000000022,1.0,0,2026-02-15 08:00:00+00:00
s-00008,2026-01-02 08:00:00+00:00,train,sensor-coast,4.445,60.0,2.0,0,2,4.668,4.891,-0.44599999999999973,1.0,0,2026-02-15 08:00:00+00:00
s-00007,2026-01-02 11:00:00+00:00,train,sensor-central,4.353,60.0,1.0,0,2,4.5525,4.752,-0.399,1.0,0,2026-02-15 08:00:00+00:00
s-00008,2026-01-02 11:00:00+00:00,train,sensor-coast,3.385,60.0,5.0,0,2,3.999,4.613,-1.2280000000000006,1.0,0,2026-02-15 08:00:00+00:00
s-00009,2026-01-02 11:00:00+00:00,train,sensor-north,4.183,120.0,2.0,0,1,4.183,4.183,,0.0,0,2026-02-15 08:00:00+00:00
s-00008,2026-01-02 14:00:00+00:00,train,sensor-coast,4.524,60.0,2.0,0,2,5.256,5.988,-1.4640000000000004,1.0,0,2026-02-15 08:00:00+00:00
s-00009,2026-01-02 14:00:00+00:00,train,sensor-north,5.912,60.0,5.0,0,2,5.3925,5.912,1.0389999999999997,1.0,0,2026-02-15 08:00:00+00:00
s-00010,2026-01-02 14:00:00+00:00,train,sensor-central,4.156,120.0,0.0,0,1,4.156,4.156,,0.0,0,2026-02-15 08:00:00+00:00
s-00009,2026-01-02 17:00:00+00:00,train,sensor-north,9.025,0.0,0.0,0,3,8.027333333333333,9.025,0.9195000000000002,2.0,1,2026-02-15 08:00:00+00:00
s-00010,2026-01-02 17:00:00+00:00,train,sensor-central,4.82,60.0,5.0,0,2,4.3870000000000005,4.82,0.8660000000000001,1.0,0,2026-02-15 08:00:00+00:00
s-00011,2026-01-02 17:00:00+00:00,train,sensor-coast,3.77,60.0,1.0,0,2,3.6959999999999997,3.77,0.14800000000000013,1.0,0,2026-02-15 08:00:00+00:00
s-00010,2026-01-02 20:00:00+00:00,train,sensor-central,4.997,120.0,5.0,0,1,4.997,4.997,,0.0,0,2026-02-15 08:00:00+00:00
s-00011,2026-01-02 20:00:00+00:00,train,sensor-coast,3.48,60.0,5.0,0,2,4.3155,5.151,-1.6709999999999998,1.0,0,2026-02-15 08:00:00+00:00
s-00012,2026-01-02 20:00:00+00:00,train,sensor-north,3.082,0.0,0.0,0,2,3.9234999999999998,4.765,-1.6829999999999998,1.0,0,2026-02-15 08:00:00+00:00
s-00011,2026-01-02 23:00:00+00:00,train,sensor-coast,4.049,120.0,35.0,0,1,4.049,4.049,,0.0,0,2026-02-15 08:00:00+00:00
s-00012,2026-01-02 23:00:00+00:00,train,sensor-north,3.995,0.0,0.0,0,3,4.250333333333334,4.476,-0.14250000000000007,2.0,0,2026-02-15 08:00:00+00:00
s-00013,2026-01-02 23:00:00+00:00,train,sensor-central,3.908,0.0,0.0,0,3,4.263333333333334,4.485,-0.24450000000000016,2.0,0,2026-02-15 08:00:00+00:00
s-00012,2026-01-03 02:00:00+00:00,train,sensor-north,5.237,60.0,35.0,0,2,5.458,5.679,-0.44200000000000017,1.0,0,2026-02-15 08:00:00+00:00
s-00013,2026-01-03 02:00:00+00:00,train,sensor-central,4.031,60.0,35.0,0,2,4.3855,4.74,-0.7090000000000005,1.0,0,2026-02-15 08:00:00+00:00
s-00014,2026-01-03 02:00:00+00:00,train,sensor-coast,5.357,60.0,35.0,0,2,4.9835,5.357,0.7469999999999999,1.0,0,2026-02-15 08:00:00+00:00
s-00013,2026-01-03 05:00:00+00:00,train,sensor-central,5.203,120.0,5.0,0,1,5.203,5.203,,0.0,0,2026-02-15 08:00:00+00:00
s-00014,2026-01-03 05:00:00+00:00,train,sensor-coast,5.327,0.0,0.0,0,3,4.798333333333334,5.327,0.2174999999999998,2.0,0,2026-02-15 08:00:00+00:00
s-00015,2026-01-03 05:00:00+00:00,train,sensor-north,3.989,60.0,2.0,0,2,4.047499999999999,4.106,-0.11699999999999999,1.0,0,2026-02-15 08:00:00+00:00
s-00014,2026-01-03 08:00:00+00:00,train,sensor-coast,5.429,0.0,0.0,0,3,4.732333333333334,5.429,0.5,2.0,0,2026-02-15 08:00:00+00:00
s-00015,2026-01-03 08:00:00+00:00,train,sensor-north,4.679,0.0,0.0,0,3,4.662333333333334,4.845,-0.08299999999999974,2.0,0,2026-02-15 08:00:00+00:00
s-00016,2026-01-03 08:00:00+00:00,train,sensor-central,3.73,60.0,35.0,0,1,3.73,3.73,,0.0,0,2026-02-15 08:00:00+00:00
s-00015,2026-01-03 11:00:00+00:00,train,sensor-north,4.761,60.0,2.0,0,1,4.761,4.761,,0.0,0,2026-02-15 08:00:00+00:00
s-00016,2026-01-03 11:00:00+00:00,train,sensor-central,5.084,120.0,2.0,0,1,5.084,5.084,,0.0,0,2026-02-15 08:00:00+00:00
s-00017,2026-01-03 11:00:00+00:00,train,sensor-coast,4.069,120.0,1.0,0,1,4.069,4.069,,0.0,0,2026-02-15 08:00:00+00:00
s-00016,2026-01-03 14:00:00+00:00,train,sensor-central,4.536,60.0,35.0,0,2,4.9765,5.417,-0.8810000000000002,1.0,0,2026-02-15 08:00:00+00:00
s-00017,2026-01-03 14:00:00+00:00,train,sensor-coast,4.001,180.0,1.0,0,0,,,,,0,2026-02-15 08:00:00+00:00
s-00018,2026-01-03 14:00:00+00:00,train,sensor-north,4.665,60.0,2.0,0,1,4.665,4.665,,0.0,0,2026-02-15 08:00:00+00:00
s-00017,2026-01-03 17:00:00+00:00,train,sensor-coast,9.251,60.0,0.0,0,2,8.3895,9.251,1.7229999999999999,1.0,1,2026-02-15 08:00:00+00:00
s-00018,2026-01-03 17:00:00+00:00,train,sensor-north,4.22,60.0,1.0,0,2,4.547,4.874,-0.6539999999999999,1.0,0,2026-02-15 08:00:00+00:00
s-00019,2026-01-03 17:00:00+00:00,train,sensor-central,4.959,0.0,0.0,0,3,4.52,4.959,0.3454999999999999,2.0,0,2026-02-15 08:00:00+00:00
s-00018,2026-01-03 20:00:00+00:00,train,sensor-north,4.205,60.0,5.0,0,2,4.386,4.567,-0.3620000000000001,1.0,0,2026-02-15 08:00:00+00:00
s-00019,2026-01-03 20:00:00+00:00,train,sensor-central,5.797,60.0,1.0,0,2,5.2935,5.797,1.0069999999999997,1.0,0,2026-02-15 08:00:00+00:00
s-00020,2026-01-03 20:00:00+00:00,train,sensor-coast,5.012,60.0,2.0,0,2,4.4544999999999995,5.012,1.1149999999999998,1.0,0,2026-02-15 08:00:00+00:00
s-00019,2026-01-03 23:00:00+00:00,train,sensor-central,9.306,60.0,2.0,0,2,7.6259999999999994,9.306,3.3599999999999994,1.0,1,2026-02-15 08:00:00+00:00
s-00020,2026-01-03 23:00:00+00:00,train,sensor-coast,6.199,0.0,0.0,0,3,5.390333333333333,6.199,0.992,2.0,0,2026-02-15 08:00:00+00:00
s-00021,2026-01-03 23:00:00+00:00,train,sensor-north,5.178,120.0,0.0,0,1,5.178,5.178,,0.0,0,2026-02-15 08:00:00+00:00
s-00020,2026-01-04 02:00:00+00:00,train,sensor-coast,7.269,60.0,0.0,0,2,7.0809999999999995,7.269,0.37600000000000033,1.0,1,2026-02-15 08:00:00+00:00
s-00021,2026-01-04 02:00:00+00:00,train,sensor-north,4.3,60.0,5.0,0,2,4.302,4.304,-0.004000000000000448,1.0,0,2026-02-15 08:00:00+00:00
s-00022,2026-01-04 02:00:00+00:00,train,sensor-central,3.801,60.0,0.0,0,1,3.801,3.801,,0.0,0,2026-02-15 08:00:00+00:00
s-00021,2026-01-04 05:00:00+00:00,train,sensor-north,4.249,120.0,1.0,0,1,4.249,4.249,,0.0,0,2026-02-15 08:00:00+00:00
s-00022,2026-01-04 05:00:00+00:00,train,sensor-central,5.16,60.0,1.0,0,2,4.7995,5.16,0.7210000000000001,1.0,0,2026-02-15 08:00:00+00:00
s-00023,2026-01-04 05:00:00+00:00,train,sensor-coast,4.609,60.0,35.0,0,2,4.3555,4.609,0.5069999999999997,1.0,0,2026-02-15 08:00:00+00:00
s-00022,2026-01-04 08:00:00+00:00,train,sensor-central,4.978,60.0,35.0,0,2,5.209,5.44,-0.46200000000000063,1.0,0,2026-02-15 08:00:00+00:00
s-00023,2026-01-04 08:00:00+00:00,train,sensor-coast,4.89,60.0,0.0,0,2,4.977,5.064,-0.17400000000000038,1.0,0,2026-02-15 08:00:00+00:00
s-00024,2026-01-04 08:00:00+00:00,train,sensor-north,3.751,60.0,2.0,0,1,3.751,3.751,,0.0,0,2026-02-15 08:00:00+00:00
s-00023,2026-01-04 11:00:00+00:00,train,sensor-coast,3.81,60.0,35.0,0,2,4.0705,4.331,-0.5210000000000004,1.0,0,2026-02-15 08:00:00+00:00
s-00024,2026-01-04 11:00:00+00:00,train,sensor-north,6.219,60.0,35.0,0,2,5.3870000000000005,6.219,1.6640000000000006,1.0,0,2026-02-15 08:00:00+00:00
s-00025,2026-01-04 11:00:00+00:00,train,sensor-central,4.603,60.0,35.0,0,1,4.603,4.603,,0.0,0,2026-02-15 08:00:00+00:00
s-00024,2026-01-04 14:00:00+00:00,train,sensor-north,4.943,60.0,2.0,0,2,4.478999999999999,4.943,0.9279999999999999,1.0,0,2026-02-15 08:00:00+00:00
s-00025,2026-01-04 14:00:00+00:00,train,sensor-central,6.214,0.0,0.0,0,3,5.964333333333333,6.516,0.5255000000000001,2.0,0,2026-02-15 08:00:00+00:00
s-00026,2026-01-04 14:00:00+00:00,train,sensor-coast,3.594,60.0,0.0,0,2,3.3285,3.594,0.5309999999999997,1.0,0,2026-02-15 08:00:00+00:00
s-00025,2026-01-04 17:00:00+00:00,train,sensor-central,9.858,0.0,0.0,0,3,8.959,9.858,0.7065000000000001,2.0,1,2026-02-15 08:00:00+00:00
s-00026,2026-01-04 17:00:00+00:00,train,sensor-coast,4.429,60.0,2.0,0,2,4.282,4.429,0.2940000000000005,1.0,0,2026-02-15 08:00:00+00:00
s-00027,2026-01-04 17:00:00+00:00,train,sensor-north,4.596,60.0,1.0,0,2,3.826,4.596,1.54,1.0,0,2026-02-15 08:00:00+00:00
s-00026,2026-01-04 20:00:00+00:00,train,sensor-coast,5.483,60.0,0.0,0,1,5.483,5.483,,0.0,0,2026-02-15 08:00:00+00:00
s-00027,2026-01-04 20:00:00+00:00,train,sensor-north,5.308,60.0,2.0,0,2,4.545,5.308,1.5259999999999998,1.0,0,2026-02-15 08:00:00+00:00
s-00028,2026-01-04 20:00:00+00:00,train,sensor-central,4.314,60.0,35.0,0,1,4.314,4.314,,0.0,0,2026-02-15 08:00:00+00:00
s-00027,2026-01-04 23:00:00+00:00,train,sensor-north,4.966,120.0,1.0,0,1,4.966,4.966,,0.0,0,2026-02-15 08:00:00+00:00
s-00028,2026-01-04 23:00:00+00:00,train,sensor-central,5.684,60.0,5.0,0,1,5.684,5.684,,0.0,0,2026-02-15 08:00:00+00:00
s-00029,2026-01-04 23:00:00+00:00,train,sensor-coast,5.356,60.0,5.0,0,2,4.618,5.356,1.476,1.0,0,2026-02-15 08:00:00+00:00
s-00028,2026-01-05 02:00:00+00:00,train,sensor-central,4.505,60.0,5.0,0,2,5.1145,5.724,-1.2190000000000003,1.0,0,2026-02-15 08:00:00+00:00
s-00029,2026-01-05 02:00:00+00:00,train,sensor-coast,4.055,60.0,0.0,0,2,3.69,4.055,0.7299999999999995,1.0,0,2026-02-15 08:00:00+00:00
s-00030,2026-01-05 02:00:00+00:00,train,sensor-north,3.181,60.0,35.0,0,2,4.3525,5.524,-2.343,1.0,0,2026-02-15 08:00:00+00:00
s-00029,2026-01-05 05:00:00+00:00,train,sensor-coast,4.058,60.0,1.0,0,2,4.2765,4.495,-0.4370000000000003,1.0,0,2026-02-15 08:00:00+00:00
s-00030,2026-01-05 05:00:00+00:00,train,sensor-north,5.534,60.0,35.0,0,2,4.9765,5.534,1.1150000000000002,1.0,0,2026-02-15 08:00:00+00:00
s-00031,2026-01-05 05:00:00+00:00,train,sensor-central,3.387,60.0,1.0,0,2,3.3765,3.387,0.020999999999999908,1.0,0,2026-02-15 08:00:00+00:00
s-00030,2026-01-05 08:00:00+00:00,train,sensor-north,8.279,60.0,1.0,0,2,7.846,8.279,0.8659999999999997,1.0,1,2026-02-15 08:00:00+00:00
s-00031,2026-01-05 08:00:00+00:00,train,sensor-central,3.499,60.0,35.0,0,1,3.499,3.499,,0.0,0,2026-02-15 08:00:00+00:00
s-00032,2026-01-05 08:00:00+00:00,train,sensor-coast,5.19,60.0,0.0,0,2,4.9065,5.19,0.5670000000000002,1.0,0,2026-02-15 08:00:00+00:00
s-00031,2026-01-05 11:00:00+00:00,train,sensor-central,5.655,60.0,2.0,0,2,5.0,5.655,1.3100000000000005,1.0,0,2026-02-15 08:00:00+00:00
s-00032,2026-01-05 11:00:00+00:00,train,sensor-coast,5.158,60.0,1.0,0,1,5.158,5.158,,0.0,0,2026-02-15 08:00:00+00:00
s-00033,2026-01-05 11:00:00+00:00,train,sensor-north,4.025,60.0,35.0,0,1,4.025,4.025,,0.0,0,2026-02-15 08:00:00+00:00
s-00032,2026-01-05 14:00:00+00:00,train,sensor-coast,4.183,60.0,0.0,0,2,4.6129999999999995,5.043,-0.8600000000000003,1.0,0,2026-02-15 08:00:00+00:00
s-00033,2026-01-05 14:00:00+00:00,train,sensor-north,5.017,60.0,0.0,0,2,4.299,5.017,1.4360000000000004,1.0,0,2026-02-15 08:00:00+00:00
s-00034,2026-01-05 14:00:00+00:00,train,sensor-central,3.141,60.0,1.0,0,1,3.141,3.141,,0.0,0,2026-02-15 08:00:00+00:00
s-00033,2026-01-05 17:00:00+00:00,train,sensor-north,9.06,60.0,0.0,0,2,8.660499999999999,9.06,0.7990000000000013,1.0,1,2026-02-15 08:00:00+00:00
s-00034,2026-01-05 17:00:00+00:00,train,sensor-central,5.833,60.0,1.0,0,1,5.833,5.833,,0.0,0,2026-02-15 08:00:00+00:00
s-00035,2026-01-05 17:00:00+00:00,train,sensor-coast,4.039,60.0,1.0,0,2,4.109,4.179,-0.14000000000000057,1.0,0,2026-02-15 08:00:00+00:00
s-00034,2026-01-05 20:00:00+00:00,train,sensor-central,8.738,60.0,2.0,0,2,8.096499999999999,8.738,1.2829999999999995,1.0,1,2026-02-15 08:00:00+00:00
s-00035,2026-01-05 20:00:00+00:00,train,sensor-coast,4.586,60.0,5.0,0,2,4.6515,4.717,-0.13099999999999934,1.0,0,2026-02-15 08:00:00+00:00
s-00036,2026-01-05 20:00:00+00:00,train,sensor-north,4.458,0.0,0.0,0,3,4.816333333333334,5.131,-0.3365,2.0,0,2026-02-15 08:00:00+00:00
s-00035,2026-01-05 23:00:00+00:00,train,sensor-coast,4.774,60.0,2.0,0,2,4.689,4.774,0.16999999999999993,1.0,0,2026-02-15 08:00:00+00:00
s-00036,2026-01-05 23:00:00+00:00,train,sensor-north,4.835,60.0,2.0,0,2,4.661,4.835,0.34799999999999986,1.0,0,2026-02-15 08:00:00+00:00
s-00037,2026-01-05 23:00:00+00:00,train,sensor-central,3.312,60.0,2.0,0,2,3.8295000000000003,4.347,-1.0350000000000006,1.0,0,2026-02-15 08:00:00+00:00
s-00036,2026-01-06 02:00:00+00:00,train,sensor-north,4.454,60.0,35.0,0,2,4.8155,5.177,-0.7229999999999999,1.0,0,2026-02-15 08:00:00+00:00
s-00037,2026-01-06 02:00:00+00:00,train,sensor-central,5.572,60.0,0.0,0,1,5.572,5.572,,0.0,1,2026-02-15 08:00:00+00:00
s-00038,2026-01-06 02:00:00+00:00,train,sensor-coast,5.245,0.0,0.0,0,1,5.245,5.245,,0.0,0,2026-02-15 08:00:00+00:00
s-00037,2026-01-06 05:00:00+00:00,train,sensor-central,8.129,120.0,2.0,0,1,8.129,8.129,,0.0,1,2026-02-15 08:00:00+00:00
s-00038,2026-01-06 05:00:00+00:00,train,sensor-coast,6.243,60.0,5.0,0,2,5.455,6.243,1.5760000000000005,1.0,0,2026-02-15 08:00:00+00:00
s-00039,2026-01-06 05:00:00+00:00,train,sensor-north,4.319,120.0,5.0,0,1,4.319,4.319,,0.0,0,2026-02-15 08:00:00+00:00
s-00038,2026-01-06 08:00:00+00:00,train,sensor-coast,4.643,60.0,5.0,0,2,4.8095,4.976,-0.3330000000000002,1.0,0,2026-02-15 08:00:00+00:00
s-00039,2026-01-06 08:00:00+00:00,train,sensor-north,5.45,60.0,5.0,0,2,5.007,5.45,0.8860000000000001,1.0,0,2026-02-15 08:00:00+00:00
s-00040,2026-01-06 08:00:00+00:00,train,sensor-central,3.225,60.0,2.0,0,2,3.676,4.127,-0.9019999999999997,1.0,0,2026-02-15 08:00:00+00:00
s-00039,2026-01-06 11:00:00+00:00,train,sensor-north,4.567,60.0,35.0,0,2,4.776,4.985,-0.41800000000000015,1.0,0,2026-02-15 08:00:00+00:00
s-00040,2026-01-06 11:00:00+00:00,train,sensor-central,3.6,60.0,2.0,0,2,4.49,5.38,-1.7799999999999998,1.0,0,2026-02-15 08:00:00+00:00
s-00041,2026-01-06 11:00:00+00:00,train,sensor-coast,4.404,60.0,2.0,0,1,4.404,4.404,,0.0,0,2026-02-15 08:00:00+00:00
s-00040,2026-01-06 14:00:00+00:00,train,sensor-central,4.698,60.0,2.0,0,1,4.698,4.698,,0.0,0,2026-02-15 08:00:00+00:00
s-00041,2026-01-06 14:00:00+00:00,train,sensor-coast,4.276,60.0,5.0,0,2,4.648,5.02,-0.7439999999999998,1.0,0,2026-02-15 08:00:00+00:00
s-00042,2026-01-06 14:00:00+00:00,train,sensor-north,3.546,60.0,5.0,0,2,3.582,3.618,-0.07200000000000006,1.0,0,2026-02-15 08:00:00+00:00
s-00041,2026-01-06 17:00:00+00:00,train,sensor-coast,5.24,60.0,1.0,0,2,5.337,5.434,-0.19399999999999995,1.0,0,2026-02-15 08:00:00+00:00
s-00042,2026-01-06 17:00:00+00:00,train,sensor-north,5.202,60.0,1.0,0,2,4.912,5.202,0.5800000000000001,1.0,0,2026-02-15 08:00:00+00:00
s-00043,2026-01-06 17:00:00+00:00,train,sensor-central,4.734,0.0,0.0,0,3,4.654333333333333,5.044,-0.1549999999999998,2.0,0,2026-02-15 08:00:00+00:00
s-00042,2026-01-06 20:00:00+00:00,train,sensor-north,4.548,60.0,0.0,0,2,5.0045,5.461,-0.9130000000000003,1.0,0,2026-02-15 08:00:00+00:00
s-00043,2026-01-06 20:00:00+00:00,train,sensor-central,4.705,60.0,1.0,0,1,4.705,4.705,,0.0,0,2026-02-15 08:00:00+00:00
s-00044,2026-01-06 20:00:00+00:00,train,sensor-coast,5.055,0.0,0.0,0,3,4.866,5.125,0.3184999999999998,2.0,0,2026-02-15 08:00:00+00:00
s-00043,2026-01-06 23:00:00+00:00,train,sensor-central,5.447,60.0,5.0,0,1,5.447,5.447,,0.0,0,2026-02-15 08:00:00+00:00
s-00044,2026-01-06 23:00:00+00:00,train,sensor-coast,4.188,60.0,0.0,0,2,3.9314999999999998,4.188,0.5129999999999999,1.0,0,2026-02-15 08:00:00+00:00
s-00045,2026-01-06 23:00:00+00:00,train,sensor-north,4.206,60.0,0.0,0,2,4.0025,4.206,0.4070000000000005,1.0,0,2026-02-15 08:00:00+00:00
s-00044,2026-01-07 02:00:00+00:00,train,sensor-coast,4.934,60.0,2.0,0,2,4.7175,4.934,0.43299999999999983,1.0,0,2026-02-15 08:00:00+00:00
s-00045,2026-01-07 02:00:00+00:00,train,sensor-north,5.124,60.0,0.0,0,1,5.124,5.124,,0.0,0,2026-02-15 08:00:00+00:00
s-00046,2026-01-07 02:00:00+00:00,train,sensor-central,3.976,60.0,2.0,0,2,4.108499999999999,4.241,-0.2649999999999997,1.0,0,2026-02-15 08:00:00+00:00
s-00045,2026-01-07 05:00:00+00:00,train,sensor-north,5.036,60.0,2.0,0,2,5.3655,5.695,-0.6590000000000007,1.0,0,2026-02-15 08:00:00+00:00
s-00046,2026-01-07 05:00:00+00:00,train,sensor-central,4.87,0.0,0.0,0,3,4.407666666666667,4.87,0.474,2.0,0,2026-02-15 08:00:00+00:00
s-00047,2026-01-07 05:00:00+00:00,train,sensor-coast,4.477,60.0,5.0,0,2,3.7665,4.477,1.4210000000000003,1.0,0,2026-02-15 08:00:00+00:00
s-00046,2026-01-07 08:00:00+00:00,train,sensor-central,4.933,120.0,1.0,0,1,4.933,4.933,,0.0,0,2026-02-15 08:00:00+00:00
s-00047,2026-01-07 08:00:00+00:00,train,sensor-coast,4.292,60.0,5.0,0,2,3.997,4.292,0.5899999999999999,1.0,0,2026-02-15 08:00:00+00:00
s-00048,2026-01-07 08:00:00+00:00,train,sensor-north,3.855,120.0,1.0,0,1,3.855,3.855,,0.0,0,2026-02-15 08:00:00+00:00
s-00047,2026-01-07 11:00:00+00:00,train,sensor-coast,4.456,60.0,1.0,0,2,4.652,4.848,-0.39199999999999946,1.0,0,2026-02-15 08:00:00+00:00
s-00048,2026-01-07 11:00:00+00:00,train,sensor-north,5.174,60.0,1.0,0,1,5.174,5.174,,0.0,0,2026-02-15 08:00:00+00:00
s-00049,2026-01-07 11:00:00+00:00,train,sensor-central,4.247,0.0,0.0,0,3,4.227666666666667,5.211,0.5109999999999999,2.0,0,2026-02-15 08:00:00+00:00
s-00048,2026-01-07 14:00:00+00:00,train,sensor-north,5.39,120.0,35.0,0,1,5.39,5.39,,0.0,0,2026-02-15 08:00:00+00:00
s-00049,2026-01-07 14:00:00+00:00,train,sensor-central,6.168,60.0,1.0,0,1,6.168,6.168,,0.0,0,2026-02-15 08:00:00+00:00
s-00050,2026-01-07 14:00:00+00:00,train,sensor-coast,4.682,60.0,2.0,0,2,4.8555,5.029,-0.34699999999999953,1.0,0,2026-02-15 08:00:00+00:00
s-00049,2026-01-07 17:00:00+00:00,train,sensor-central,7.35,60.0,1.0,0,2,7.3795,7.409,-0.05900000000000016,1.0,1,2026-02-15 08:00:00+00:00
s-00050,2026-01-07 17:00:00+00:00,train,sensor-coast,5.357,60.0,1.0,0,2,4.6665,5.357,1.3810000000000002,1.0,0,2026-02-15 08:00:00+00:00
s-00051,2026-01-07 17:00:00+00:00,train,sensor-north,4.96,60.0,5.0,0,2,4.749499999999999,4.96,0.42100000000000026,1.0,0,2026-02-15 08:00:00+00:00
s-00050,2026-01-07 20:00:00+00:00,train,sensor-coast,8.709,60.0,35.0,0,1,8.709,8.709,,0.0,1,2026-02-15 08:00:00+00:00
s-00051,2026-01-07 20:00:00+00:00,train,sensor-north,4.223,120.0,35.0,0,1,4.223,4.223,,0.0,0,2026-02-15 08:00:00+00:00
s-00052,2026-01-07 20:00:00+00:00,train,sensor-central,3.894,60.0,1.0,0,2,4.391500000000001,4.889,-0.9950000000000001,1.0,0,2026-02-15 08:00:00+00:00
s-00051,2026-01-07 23:00:00+00:00,train,sensor-north,4.44,60.0,0.0,0,2,5.0395,5.639,-1.1989999999999998,1.0,0,2026-02-15 08:00:00+00:00
s-00052,2026-01-07 23:00:00+00:00,train,sensor-central,3.966,120.0,5.0,0,1,3.966,3.966,,0.0,0,2026-02-15 08:00:00+00:00
s-00053,2026-01-07 23:00:00+00:00,train,sensor-coast,4.359,60.0,0.0,0,2,4.58,4.801,-0.44200000000000017,1.0,0,2026-02-15 08:00:00+00:00
s-00052,2026-01-08 02:00:00+00:00,train,sensor-central,4.498,60.0,1.0,0,2,4.8385,5.179,-0.681,1.0,0,2026-02-15 08:00:00+00:00
s-00053,2026-01-08 02:00:00+00:00,train,sensor-coast,4.741,60.0,5.0,0,2,4.685,4.741,0.1120000000000001,1.0,0,2026-02-15 08:00:00+00:00
s-00054,2026-01-08 02:00:00+00:00,train,sensor-north,3.963,60.0,0.0,0,1,3.963,3.963,,0.0,0,2026-02-15 08:00:00+00:00
s-00053,2026-01-08 05:00:00+00:00,train,sensor-coast,3.95,60.0,35.0,0,1,3.95,3.95,,0.0,0,2026-02-15 08:00:00+00:00
s-00054,2026-01-08 05:00:00+00:00,train,sensor-north,4.5,60.0,35.0,0,2,4.7245,4.949,-0.44899999999999984,1.0,0,2026-02-15 08:00:00+00:00
s-00055,2026-01-08 05:00:00+00:00,train,sensor-central,4.203,60.0,2.0,0,2,4.0675,4.203,0.27100000000000035,1.0,0,2026-02-15 08:00:00+00:00
s-00054,2026-01-08 08:00:00+00:00,train,sensor-north,4.822,60.0,2.0,0,2,4.8795,4.937,-0.11500000000000021,1.0,0,2026-02-15 08:00:00+00:00
s-00055,2026-01-08 08:00:00+00:00,train,sensor-central,4.091,180.0,35.0,0,0,,,,,0,2026-02-15 08:00:00+00:00
s-00056,2026-01-08 08:00:00+00:00,train,sensor-coast,3.412,60.0,35.0,0,2,3.9619999999999997,4.512,-1.0999999999999996,1.0,0,2026-02-15 08:00:00+00:00
s-00055,2026-01-08 11:00:00+00:00,train,sensor-central,4.781,60.0,0.0,0,2,4.749,4.781,0.06400000000000006,1.0,0,2026-02-15 08:00:00+00:00
s-00056,2026-01-08 11:00:00+00:00,train,sensor-coast,5.175,0.0,0.0,0,3,5.042333333333334,5.481,0.35199999999999987,2.0,0,2026-02-15 08:00:00+00:00
s-00057,2026-01-08 11:00:00+00:00,train,sensor-north,5.747,0.0,0.0,0,3,4.964666666666666,5.747,0.5375000000000001,2.0,0,2026-02-15 08:00:00+00:00
s-00056,2026-01-08 14:00:00+00:00,train,sensor-coast,4.181,60.0,0.0,0,2,4.5425,4.904,-0.7229999999999999,1.0,0,2026-02-15 08:00:00+00:00
s-00057,2026-01-08 14:00:00+00:00,train,sensor-north,4.154,60.0,5.0,0,2,4.5165,4.879,-0.7249999999999996,1.0,0,2026-02-15 08:00:00+00:00
s-00058,2026-01-08 14:00:00+00:00,train,sensor-central,3.422,60.0,2.0,0,2,3.926,4.43,-1.0079999999999996,1.0,0,2026-02-15 08:00:00+00:00
s-00057,2026-01-08 17:00:00+00:00,train,sensor-north,5.195,60.0,1.0,0,2,5.2745,5.354,-0.1589999999999998,1.0,0,2026-02-15 08:00:00+00:00
s-00058,2026-01-08 17:00:00+00:00,train,sensor-central,4.022,60.0,35.0,0,1,4.022,4.022,,0.0,0,2026-02-15 08:00:00+00:00
s-00059,2026-01-08 17:00:00+00:00,train,sensor-coast,4.419,120.0,2.0,0,1,4.419,4.419,,0.0,0,2026-02-15 08:00:00+00:00
s-00058,2026-01-08 20:00:00+00:00,train,sensor-central,5.403,60.0,2.0,0,2,5.089499999999999,5.403,0.6269999999999998,1.0,0,2026-02-15 08:00:00+00:00
s-00059,2026-01-08 20:00:00+00:00,train,sensor-coast,5.293,0.0,0.0,0,3,4.448666666666667,5.293,0.43400000000000016,2.0,0,2026-02-15 08:00:00+00:00
s-00060,2026-01-08 20:00:00+00:00,train,sensor-north,3.798,60.0,2.0,0,2,3.825,3.852,-0.053999999999999826,1.0,0,2026-02-15 08:00:00+00:00
s-00059,2026-01-08 23:00:00+00:00,train,sensor-coast,5.326,60.0,5.0,0,1,5.326,5.326,,0.0,0,2026-02-15 08:00:00+00:00
s-00060,2026-01-08 23:00:00+00:00,train,sensor-north,4.942,120.0,0.0,0,1,4.942,4.942,,0.0,0,2026-02-15 08:00:00+00:00
s-00061,2026-01-08 23:00:00+00:00,train,sensor-central,4.765,60.0,35.0,0,1,4.765,4.765,,0.0,0,2026-02-15 08:00:00+00:00
s-00060,2026-01-09 02:00:00+00:00,train,sensor-north,5.782,60.0,0.0,0,2,5.349,5.782,0.8659999999999997,1.0,0,2026-02-15 08:00:00+00:00
s-00061,2026-01-09 02:00:00+00:00,train,sensor-central,5.315,0.0,0.0,0,3,4.564666666666667,5.315,1.0805000000000002,2.0,0,2026-02-15 08:00:00+00:00
s-00062,2026-01-09 02:00:00+00:00,train,sensor-coast,4.943,60.0,2.0,0,2,4.1259999999999994,4.943,1.6339999999999995,1.0,0,2026-02-15 08:00:00+00:00
s-00061,2026-01-09 05:00:00+00:00,train,sensor-central,4.711,60.0,1.0,0,2,4.527,4.711,0.3680000000000003,1.0,0,2026-02-15 08:00:00+00:00
s-00062,2026-01-09 05:00:00+00:00,train,sensor-coast,4.741,60.0,35.0,0,2,4.82,4.899,-0.15800000000000036,1.0,0,2026-02-15 08:00:00+00:00
s-00063,2026-01-09 05:00:00+00:00,train,sensor-north,4.547,120.0,35.0,0,1,4.547,4.547,,0.0,0,2026-02-15 08:00:00+00:00
s-00062,2026-01-09 08:00:00+00:00,train,sensor-coast,3.793,60.0,2.0,0,2,4.196,4.599,-0.806,1.0,0,2026-02-15 08:00:00+00:00
s-00063,2026-01-09 08:00:00+00:00,train,sensor-north,5.22,0.0,0.0,0,1,5.22,5.22,,0.0,0,2026-02-15 08:00:00+00:00
s-00064,2026-01-09 08:00:00+00:00,train,sensor-central,5.163,60.0,5.0,0,2,4.7575,5.163,0.8109999999999999,1.0,0,2026-02-15 08:00:00+00:00
s-00063,2026-01-09 11:00:00+00:00,train,sensor-north,6.084,60.0,1.0,0,2,5.413,6.084,1.3419999999999996,1.0,0,2026-02-15 08:00:00+00:00
s-00064,2026-01-09 11:00:00+00:00,train,sensor-central,4.249,120.0,1.0,0,1,4.249,4.249,,0.0,0,2026-02-15 08:00:00+00:00
s-00065,2026-01-09 11:00:00+00:00,train,sensor-coast,4.541,0.0,0.0,0,3,4.681,5.057,0.04800000000000004,2.0,0,2026-02-15 08:00:00+00:00
s-00064,2026-01-09 14:00:00+00:00,train,sensor-central,5.775,60.0,35.0,0,1,5.775,5.775,,0.0,0,2026-02-15 08:00:00+00:00
s-00065,2026-01-09 14:00:00+00:00,train,sensor-coast,3.648,60.0,1.0,0,1,3.648,3.648,,0.0,0,2026-02-15 08:00:00+00:00
s-00066,2026-01-09 14:00:00+00:00,train,sensor-north,4.555,0.0,0.0,0,3,4.503,5.468,0.5344999999999998,2.0,0,2026-02-15 08:00:00+00:00
s-00065,2026-01-09 17:00:00+00:00,train,sensor-coast,4.587,0.0,0.0,0,3,4.806666666666667,4.973,-0.19300000000000006,2.0,0,2026-02-15 08:00:00+00:00
s-00066,2026-01-09 17:00:00+00:00,train,sensor-north,5.485,60.0,0.0,0,2,4.9855,5.485,0.9990000000000006,1.0,0,2026-02-15 08:00:00+00:00
s-00067,2026-01-09 17:00:00+00:00,train,sensor-central,4.322,60.0,5.0,0,2,4.765000000000001,5.208,-0.8860000000000001,1.0,0,2026-02-15 08:00:00+00:00
s-00066,2026-01-09 20:00:00+00:00,train,sensor-north,7.943,60.0,2.0,0,2,8.121500000000001,8.3,-0.3570000000000011,1.0,1,2026-02-15 08:00:00+00:00
s-00067,2026-01-09 20:00:00+00:00,train,sensor-central,5.759,60.0,1.0,0,2,5.2175,5.759,1.0830000000000002,1.0,0,2026-02-15 08:00:00+00:00
s-00068,2026-01-09 20:00:00+00:00,train,sensor-coast,4.705,60.0,5.0,0,2,4.829000000000001,4.953,-0.24800000000000022,1.0,0,2026-02-15 08:00:00+00:00
s-00067,2026-01-09 23:00:00+00:00,train,sensor-central,4.754,60.0,5.0,0,2,5.343999999999999,5.934,-1.1800000000000006,1.0,0,2026-02-15 08:00:00+00:00
s-00068,2026-01-09 23:00:00+00:00,train,sensor-coast,3.691,120.0,2.0,0,1,3.691,3.691,,0.0,0,2026-02-15 08:00:00+00:00
s-00069,2026-01-09 23:00:00+00:00,train,sensor-north,4.801,60.0,1.0,0,2,4.9905,5.18,-0.37899999999999956,1.0,0,2026-02-15 08:00:00+00:00
s-00068,2026-01-10 02:00:00+00:00,train,sensor-coast,5.888,60.0,1.0,0,2,5.5785,5.888,0.6189999999999998,1.0,0,2026-02-15 08:00:00+00:00
s-00069,2026-01-10 02:00:00+00:00,train,sensor-north,4.872,120.0,0.0,0,1,4.872,4.872,,0.0,0,2026-02-15 08:00:00+00:00
s-00070,2026-01-10 02:00:00+00:00,train,sensor-central,4.362,60.0,2.0,0,2,3.8555,4.362,1.013,1.0,0,2026-02-15 08:00:00+00:00
s-00069,2026-01-10 05:00:00+00:00,train,sensor-north,5.043,60.0,1.0,0,2,5.09,5.137,-0.09399999999999942,1.0,0,2026-02-15 08:00:00+00:00
s-00070,2026-01-10 05:00:00+00:00,train,sensor-central,3.465,60.0,5.0,0,2,4.3085,5.152,-1.6870000000000003,1.0,0,2026-02-15 08:00:00+00:00
s-00071,2026-01-10 05:00:00+00:00,train,sensor-coast,5.145,60.0,35.0,0,2,4.824999999999999,5.145,0.6399999999999997,1.0,0,2026-02-15 08:00:00+00:00
s-00070,2026-01-10 08:00:00+00:00,train,sensor-central,4.694,60.0,0.0,0,2,4.3605,4.694,0.6669999999999998,1.0,0,2026-02-15 08:00:00+00:00
s-00071,2026-01-10 08:00:00+00:00,train,sensor-coast,5.959,180.0,180.0,0,0,,,,,0,2026-02-15 08:00:00+00:00
s-00072,2026-01-10 08:00:00+00:00,train,sensor-north,3.918,60.0,0.0,0,1,3.918,3.918,,0.0,0,2026-02-15 08:00:00+00:00
s-00071,2026-01-10 11:00:00+00:00,train,sensor-coast,4.604,0.0,0.0,0,3,4.6146666666666665,4.689,-0.04249999999999998,2.0,0,2026-02-15 08:00:00+00:00
s-00072,2026-01-10 11:00:00+00:00,train,sensor-north,5.414,60.0,5.0,0,2,4.3415,5.414,2.1449999999999996,1.0,0,2026-02-15 08:00:00+00:00
s-00073,2026-01-10 11:00:00+00:00,train,sensor-central,4.708,60.0,0.0,0,1,4.708,4.708,,0.0,0,2026-02-15 08:00:00+00:00
s-00072,2026-01-10 14:00:00+00:00,train,sensor-north,9.265,60.0,0.0,0,2,8.108,9.265,2.314000000000001,1.0,1,2026-02-15 08:00:00+00:00
s-00073,2026-01-10 14:00:00+00:00,train,sensor-central,4.396,60.0,1.0,0,2,4.516,4.636,-0.2400000000000002,1.0,0,2026-02-15 08:00:00+00:00
s-00074,2026-01-10 14:00:00+00:00,train,sensor-coast,3.837,60.0,5.0,0,2,4.284,4.731,-0.8939999999999997,1.0,0,2026-02-15 08:00:00+00:00
s-00073,2026-01-10 17:00:00+00:00,train,sensor-central,5.997,60.0,5.0,0,2,5.406000000000001,5.997,1.1819999999999995,1.0,0,2026-02-15 08:00:00+00:00
s-00074,2026-01-10 17:00:00+00:00,train,sensor-coast,5.016,60.0,5.0,0,2,4.351,5.016,1.33,1.0,0,2026-02-15 08:00:00+00:00
s-00075,2026-01-10 17:00:00+00:00,train,sensor-north,3.991,60.0,35.0,0,2,4.6450000000000005,5.299,-1.3080000000000003,1.0,0,2026-02-15 08:00:00+00:00
s-00074,2026-01-10 20:00:00+00:00,train,sensor-coast,4.676,60.0,5.0,0,2,4.74,4.804,-0.1280000000000001,1.0,0,2026-02-15 08:00:00+00:00
s-00075,2026-01-10 20:00:00+00:00,train,sensor-north,5.151,60.0,1.0,0,2,4.3435,5.151,1.6149999999999998,1.0,0,2026-02-15 08:00:00+00:00
s-00076,2026-01-10 20:00:00+00:00,train,sensor-central,3.945,60.0,5.0,0,2,4.3145,4.684,-0.7390000000000003,1.0,0,2026-02-15 08:00:00+00:00
s-00075,2026-01-10 23:00:00+00:00,train,sensor-north,8.079,60.0,1.0,0,1,8.079,8.079,,0.0,1,2026-02-15 08:00:00+00:00
s-00076,2026-01-10 23:00:00+00:00,train,sensor-central,2.699,0.0,0.0,0,2,3.339,3.979,-1.2800000000000002,1.0,0,2026-02-15 08:00:00+00:00
s-00077,2026-01-10 23:00:00+00:00,train,sensor-coast,4.95,60.0,35.0,0,2,4.547499999999999,4.95,0.8050000000000006,1.0,0,2026-02-15 08:00:00+00:00
s-00076,2026-01-11 02:00:00+00:00,train,sensor-central,4.4,60.0,5.0,0,2,5.0155,5.631,-1.2309999999999999,1.0,0,2026-02-15 08:00:00+00:00
s-00077,2026-01-11 02:00:00+00:00,train,sensor-coast,5.458,60.0,1.0,0,2,4.8485,5.458,1.2190000000000003,1.0,0,2026-02-15 08:00:00+00:00
s-00078,2026-01-11 02:00:00+00:00,train,sensor-north,3.641,60.0,0.0,0,2,3.1390000000000002,3.641,1.004,1.0,0,2026-02-15 08:00:00+00:00
s-00077,2026-01-11 05:00:00+00:00,train,sensor-coast,4.475,60.0,2.0,0,1,4.475,4.475,,0.0,0,2026-02-15 08:00:00+00:00
s-00078,2026-01-11 05:00:00+00:00,train,sensor-north,4.694,60.0,2.0,0,2,4.452500000000001,4.694,0.48299999999999965,1.0,0,2026-02-15 08:00:00+00:00
s-00079,2026-01-11 05:00:00+00:00,train,sensor-central,4.19,60.0,0.0,0,2,4.647500000000001,5.105,-0.915,1.0,0,2026-02-15 08:00:00+00:00
s-00078,2026-01-11 08:00:00+00:00,train,sensor-north,8.098,60.0,1.0,0,2,7.67,8.098,0.8560000000000008,1.0,1,2026-02-15 08:00:00+00:00
s-00079,2026-01-11 08:00:00+00:00,train,sensor-central,4.529,60.0,0.0,0,2,4.515499999999999,4.529,0.027000000000000135,1.0,0,2026-02-15 08:00:00+00:00
s-00080,2026-01-11 08:00:00+00:00,train,sensor-coast,4.65,60.0,2.0,0,2,4.6885,4.727,-0.07699999999999996,1.0,0,2026-02-15 08:00:00+00:00
s-00079,2026-01-11 11:00:00+00:00,train,sensor-central,5.681,60.0,0.0,0,2,5.0649999999999995,5.681,1.2320000000000002,1.0,0,2026-02-15 08:00:00+00:00
s-00080,2026-01-11 11:00:00+00:00,train,sensor-coast,5.8,60.0,35.0,0,2,5.8305,5.861,-0.06099999999999994,1.0,0,2026-02-15 08:00:00+00:00
s-00081,2026-01-11 11:00:00+00:00,train,sensor-north,3.444,60.0,2.0,0,2,3.4745,3.505,-0.06099999999999994,1.0,0,2026-02-15 08:00:00+00:00
s-00080,2026-01-11 14:00:00+00:00,train,sensor-coast,9.344,60.0,35.0,0,2,8.109,9.344,2.4699999999999998,1.0,1,2026-02-15 08:00:00+00:00
s-00081,2026-01-11 14:00:00+00:00,train,sensor-north,4.905,60.0,35.0,0,2,4.9879999999999995,5.071,-0.16599999999999948,1.0,0,2026-02-15 08:00:00+00:00
s-00082,2026-01-11 14:00:00+00:00,train,sensor-central,4.374,0.0,0.0,0,3,4.2459999999999996,4.415,-0.020500000000000185,2.0,0,2026-02-15 08:00:00+00:00
s-00081,2026-01-11 17:00:00+00:00,train,sensor-north,5.385,60.0,2.0,0,2,5.3645,5.385,0.04099999999999948,1.0,0,2026-02-15 08:00:00+00:00
s-00082,2026-01-11 17:00:00+00:00,train,sensor-central,4.903,60.0,1.0,0,2,5.0794999999999995,5.256,-0.35300000000000065,1.0,0,2026-02-15 08:00:00+00:00
s-00083,2026-01-11 17:00:00+00:00,train,sensor-coast,4.474,0.0,0.0,0,3,4.237333333333333,4.474,0.17600000000000016,2.0,0,2026-02-15 08:00:00+00:00
s-00082,2026-01-11 20:00:00+00:00,train,sensor-central,4.939,60.0,5.0,0,2,4.986000000000001,5.033,-0.0940000000000003,1.0,0,2026-02-15 08:00:00+00:00
s-00083,2026-01-11 20:00:00+00:00,train,sensor-coast,3.725,60.0,1.0,0,1,3.725,3.725,,0.0,0,2026-02-15 08:00:00+00:00
s-00084,2026-01-11 20:00:00+00:00,train,sensor-north,4.755,60.0,0.0,0,1,4.755,4.755,,0.0,0,2026-02-15 08:00:00+00:00
s-00083,2026-01-11 23:00:00+00:00,train,sensor-coast,4.897,60.0,5.0,0,2,4.747,4.897,0.2999999999999998,1.0,0,2026-02-15 08:00:00+00:00
s-00084,2026-01-11 23:00:00+00:00,train,sensor-north,3.902,120.0,2.0,0,1,3.902,3.902,,0.0,0,2026-02-15 08:00:00+00:00
s-00085,2026-01-11 23:00:00+00:00,train,sensor-central,4.773,60.0,1.0,0,2,4.3309999999999995,4.773,0.8839999999999999,1.0,0,2026-02-15 08:00:00+00:00
s-00084,2026-01-12 02:00:00+00:00,train,sensor-north,7.175,60.0,2.0,0,2,6.840999999999999,7.175,0.6680000000000001,1.0,1,2026-02-15 08:00:00+00:00
s-00085,2026-01-12 02:00:00+00:00,train,sensor-central,5.223,0.0,0.0,0,3,4.769,5.223,0.29849999999999977,2.0,0,2026-02-15 08:00:00+00:00
s-00086,2026-01-12 02:00:00+00:00,train,sensor-coast,5.146,60.0,0.0,0,2,4.4965,5.146,1.299,1.0,0,2026-02-15 08:00:00+00:00
s-00085,2026-01-12 05:00:00+00:00,train,sensor-central,5.35,0.0,0.0,0,3,5.1033333333333335,5.35,0.06899999999999995,2.0,0,2026-02-15 08:00:00+00:00
s-00086,2026-01-12 05:00:00+00:00,train,sensor-coast,5.023,60.0,35.0,0,2,4.9505,5.023,0.14499999999999957,1.0,0,2026-02-15 08:00:00+00:00
s-00087,2026-01-12 05:00:00+00:00,train,sensor-north,3.649,0.0,0.0,0,2,4.0065,4.364,-0.35749999999999993,2.0,0,2026-02-15 08:00:00+00:00
s-00086,2026-01-12 08:00:00+00:00,train,sensor-coast,4.585,60.0,1.0,0,1,4.585,4.585,,0.0,0,2026-02-15 08:00:00+00:00
s-00087,2026-01-12 08:00:00+00:00,train,sensor-north,4.411,60.0,0.0,0,2,4.8025,5.194,-0.7830000000000004,1.0,0,2026-02-15 08:00:00+00:00
s-00088,2026-01-12 08:00:00+00:00,train,sensor-central,5.162,60.0,2.0,0,2,4.825,5.162,0.6739999999999995,1.0,0,2026-02-15 08:00:00+00:00
s-00087,2026-01-12 11:00:00+00:00,train,sensor-north,4.774,60.0,5.0,0,2,4.853,4.932,-0.15800000000000036,1.0,0,2026-02-15 08:00:00+00:00
s-00088,2026-01-12 11:00:00+00:00,train,sensor-central,5.437,60.0,0.0,0,2,4.8025,5.437,1.2690000000000001,1.0,0,2026-02-15 08:00:00+00:00
s-00089,2026-01-12 11:00:00+00:00,train,sensor-coast,4.145,0.0,0.0,0,3,4.5906666666666665,4.928,-0.27700000000000014,2.0,0,2026-02-15 08:00:00+00:00
s-00088,2026-01-12 14:00:00+00:00,train,sensor-central,4.766,60.0,0.0,0,2,4.4325,4.766,0.6669999999999998,1.0,0,2026-02-15 08:00:00+00:00
s-00089,2026-01-12 14:00:00+00:00,train,sensor-coast,6.154,60.0,35.0,0,2,5.055,6.154,2.198,1.0,0,2026-02-15 08:00:00+00:00
s-00090,2026-01-12 14:00:00+00:00,train,sensor-north,4.354,60.0,35.0,0,2,4.9285,5.503,-1.149,1.0,0,2026-02-15 08:00:00+00:00
s-00089,2026-01-12 17:00:00+00:00,train,sensor-coast,8.796,60.0,1.0,0,2,8.428,8.796,0.7359999999999989,1.0,1,2026-02-15 08:00:00+00:00
s-00090,2026-01-12 17:00:00+00:00,train,sensor-north,4.534,120.0,35.0,0,1,4.534,4.534,,0.0,0,2026-02-15 08:00:00+00:00
s-00091,2026-01-12 17:00:00+00:00,train,sensor-central,5.117,60.0,35.0,0,2,4.3580000000000005,5.117,1.5179999999999998,1.0,0,2026-02-15 08:00:00+00:00
s-00090,2026-01-12 20:00:00+00:00,train,sensor-north,6.354,60.0,1.0,0,2,5.156000000000001,6.354,2.396,1.0,0,2026-02-15 08:00:00+00:00
s-00091,2026-01-12 20:00:00+00:00,train,sensor-central,4.323,0.0,0.0,0,2,4.3545,4.386,-0.06299999999999972,1.0,0,2026-02-15 08:00:00+00:00
s-00092,2026-01-12 20:00:00+00:00,train,sensor-coast,5.082,0.0,0.0,0,2,4.314,5.082,0.768,2.0,0,2026-02-15 08:00:00+00:00
s-00091,2026-01-12 23:00:00+00:00,train,sensor-central,5.527,60.0,1.0,0,2,4.923500000000001,5.527,1.2069999999999999,1.0,0,2026-02-15 08:00:00+00:00
s-00092,2026-01-12 23:00:00+00:00,train,sensor-coast,5.085,60.0,35.0,0,2,4.4735,5.085,1.2229999999999999,1.0,0,2026-02-15 08:00:00+00:00
s-00093,2026-01-12 23:00:00+00:00,train,sensor-north,4.67,60.0,35.0,0,2,4.6665,4.67,0.006999999999999673,1.0,0,2026-02-15 08:00:00+00:00
s-00092,2026-01-13 02:00:00+00:00,train,sensor-coast,5.605,60.0,2.0,0,2,5.4365000000000006,5.605,0.33700000000000063,1.0,0,2026-02-15 08:00:00+00:00
s-00093,2026-01-13 02:00:00+00:00,train,sensor-north,4.627,60.0,1.0,0,2,4.842499999999999,5.058,-0.43100000000000005,1.0,0,2026-02-15 08:00:00+00:00
s-00094,2026-01-13 02:00:00+00:00,train,sensor-central,4.521,120.0,35.0,0,1,4.521,4.521,,0.0,0,2026-02-15 08:00:00+00:00
s-00093,2026-01-13 05:00:00+00:00,train,sensor-north,5.047,60.0,5.0,0,2,5.124499999999999,5.202,-0.15500000000000025,1.0,0,2026-02-15 08:00:00+00:00
s-00094,2026-01-13 05:00:00+00:00,train,sensor-central,4.42,60.0,0.0,0,2,4.342499999999999,4.42,0.15500000000000025,1.0,0,2026-02-15 08:00:00+00:00
s-00095,2026-01-13 05:00:00+00:00,train,sensor-coast,4.882,60.0,35.0,0,2,4.336,4.882,1.0919999999999996,1.0,0,2026-02-15 08:00:00+00:00
s-00094,2026-01-13 08:00:00+00:00,train,sensor-central,4.172,60.0,35.0,0,2,4.337999999999999,4.504,-0.33199999999999985,1.0,0,2026-02-15 08:00:00+00:00
s-00095,2026-01-13 08:00:00+00:00,train,sensor-coast,4.703,60.0,0.0,0,2,4.846,4.989,-0.2859999999999996,1.0,0,2026-02-15 08:00:00+00:00
s-00096,2026-01-13 08:00:00+00:00,train,sensor-north,4.469,60.0,0.0,0,2,4.7915,5.114,-0.6449999999999996,1.0,0,2026-02-15 08:00:00+00:00
s-00095,2026-01-13 11:00:00+00:00,train,sensor-coast,4.741,60.0,0.0,0,1,4.741,4.741,,0.0,0,2026-02-15 08:00:00+00:00
s-00096,2026-01-13 11:00:00+00:00,train,sensor-north,6.176,60.0,35.0,0,2,5.4510000000000005,6.176,1.4500000000000002,1.0,0,2026-02-15 08:00:00+00:00
s-00097,2026-01-13 11:00:00+00:00,train,sensor-central,4.349,60.0,35.0,0,2,4.011,4.349,0.6760000000000002,1.0,0,2026-02-15 08:00:00+00:00
s-00096,2026-01-13 14:00:00+00:00,train,sensor-north,8.421,60.0,5.0,0,2,8.344,8.421,0.15399999999999991,1.0,1,2026-02-15 08:00:00+00:00
s-00097,2026-01-13 14:00:00+00:00,train,sensor-central,4.365,60.0,0.0,0,2,4.5155,4.666,-0.30100000000000016,1.0,0,2026-02-15 08:00:00+00:00
s-00098,2026-01-13 14:00:00+00:00,train,sensor-coast,4.912,0.0,0.0,0,3,4.675,4.912,0.21499999999999986,2.0,0,2026-02-15 08:00:00+00:00
s-00097,2026-01-13 17:00:00+00:00,train,sensor-central,5.058,60.0,35.0,0,2,4.9115,5.058,0.29300000000000015,1.0,0,2026-02-15 08:00:00+00:00
s-00098,2026-01-13 17:00:00+00:00,train,sensor-coast,4.531,60.0,5.0,0,1,4.531,4.531,,0.0,0,2026-02-15 08:00:00+00:00
s-00099,2026-01-13 17:00:00+00:00,train,sensor-north,4.543,60.0,35.0,0,2,4.554,4.565,-0.02200000000000024,1.0,0,2026-02-15 08:00:00+00:00
s-00098,2026-01-13 20:00:00+00:00,train,sensor-coast,5.422,60.0,2.0,0,2,4.7885,5.422,1.2669999999999995,1.0,0,2026-02-15 08:00:00+00:00
s-00099,2026-01-13 20:00:00+00:00,train,sensor-north,4.334,60.0,1.0,0,2,4.692,5.05,-0.7160000000000002,1.0,0,2026-02-15 08:00:00+00:00
s-00100,2026-01-13 20:00:00+00:00,train,sensor-central,4.799,0.0,0.0,0,2,4.555,4.799,0.24400000000000022,2.0,0,2026-02-15 08:00:00+00:00
s-00099,2026-01-13 23:00:00+00:00,train,sensor-north,5.456,60.0,5.0,0,2,4.899,5.456,1.1140000000000008,1.0,0,2026-02-15 08:00:00+00:00
s-00100,2026-01-13 23:00:00+00:00,train,sensor-central,4.784,60.0,35.0,0,2,4.7665,4.784,0.03500000000000014,1.0,0,2026-02-15 08:00:00+00:00
s-00101,2026-01-13 23:00:00+00:00,train,sensor-coast,4.735,120.0,2.0,0,1,4.735,4.735,,0.0,0,2026-02-15 08:00:00+00:00
s-00100,2026-01-14 02:00:00+00:00,train,sensor-central,4.4,60.0,2.0,0,2,4.789,5.178,-0.7779999999999996,1.0,0,2026-02-15 08:00:00+00:00
s-00101,2026-01-14 02:00:00+00:00,train,sensor-coast,5.096,60.0,5.0,0,2,4.982,5.096,0.22799999999999976,1.0,0,2026-02-15 08:00:00+00:00
s-00102,2026-01-14 02:00:00+00:00,train,sensor-north,4.226,60.0,0.0,0,2,4.588,4.95,-0.7240000000000002,1.0,0,2026-02-15 08:00:00+00:00
s-00101,2026-01-14 05:00:00+00:00,train,sensor-coast,4.694,60.0,35.0,0,2,4.702,4.71,-0.016000000000000014,1.0,0,2026-02-15 08:00:00+00:00
s-00102,2026-01-14 05:00:00+00:00,train,sensor-north,4.988,60.0,35.0,0,2,5.0920000000000005,5.196,-0.2079999999999993,1.0,0,2026-02-15 08:00:00+00:00
s-00103,2026-01-14 05:00:00+00:00,train,sensor-central,3.706,60.0,1.0,0,1,3.706,3.706,,0.0,0,2026-02-15 08:00:00+00:00
s-00102,2026-01-14 08:00:00+00:00,train,sensor-north,5.427,0.0,0.0,0,3,4.933,5.427,0.5674999999999999,2.0,0,2026-02-15 08:00:00+00:00
s-00103,2026-01-14 08:00:00+00:00,train,sensor-central,4.693,60.0,2.0,0,2,4.576499999999999,4.693,0.23299999999999965,1.0,0,2026-02-15 08:00:00+00:00
s-00104,2026-01-14 08:00:00+00:00,train,sensor-coast,3.48,60.0,5.0,0,1,3.48,3.48,,0.0,0,2026-02-15 08:00:00+00:00
s-00103,2026-01-14 11:00:00+00:00,train,sensor-central,5.034,60.0,35.0,0,2,4.916,5.034,0.23599999999999977,1.0,0,2026-02-15 08:00:00+00:00
s-00104,2026-01-14 11:00:00+00:00,train,sensor-coast,5.076,60.0,35.0,0,1,5.076,5.076,,0.0,0,2026-02-15 08:00:00+00:00
s-00105,2026-01-14 11:00:00+00:00,train,sensor-north,4.667,120.0,1.0,0,1,4.667,4.667,,0.0,0,2026-02-15 08:00:00+00:00
s-00104,2026-01-14 14:00:00+00:00,train,sensor-coast,8.226,60.0,1.0,0,2,7.981,8.226,0.4900000000000011,1.0,1,2026-02-15 08:00:00+00:00
s-00105,2026-01-14 14:00:00+00:00,train,sensor-north,5.523,60.0,5.0,0,2,5.3705,5.523,0.3049999999999997,1.0,0,2026-02-15 08:00:00+00:00
s-00106,2026-01-14 14:00:00+00:00,train,sensor-central,3.676,120.0,0.0,0,1,3.676,3.676,,0.0,0,2026-02-15 08:00:00+00:00
s-00105,2026-01-14 17:00:00+00:00,train,sensor-north,8.941,60.0,2.0,0,2,8.495000000000001,8.941,0.8920000000000012,1.0,1,2026-02-15 08:00:00+00:00
s-00106,2026-01-14 17:00:00+00:00,train,sensor-central,4.858,60.0,35.0,0,2,4.7509999999999994,4.858,0.21399999999999952,1.0,0,2026-02-15 08:00:00+00:00
s-00107,2026-01-14 17:00:00+00:00,train,sensor-coast,4.107,60.0,2.0,0,2,4.1805,4.254,-0.14699999999999935,1.0,0,2026-02-15 08:00:00+00:00
s-00106,2026-01-14 20:00:00+00:00,train,sensor-central,5.662,60.0,2.0,0,2,5.737,5.812,-0.15000000000000036,1.0,0,2026-02-15 08:00:00+00:00
s-00107,2026-01-14 20:00:00+00:00,train,sensor-coast,5.582,60.0,35.0,0,2,5.115,5.582,0.9340000000000002,1.0,0,2026-02-15 08:00:00+00:00
s-00108,2026-01-14 20:00:00+00:00,train,sensor-north,4.582,0.0,0.0,0,3,4.419666666666666,4.582,0.05699999999999994,2.0,0,2026-02-15 08:00:00+00:00
s-00107,2026-01-14 23:00:00+00:00,train,sensor-coast,5.203,60.0,5.0,0,1,5.203,5.203,,0.0,0,2026-02-15 08:00:00+00:00
s-00108,2026-01-14 23:00:00+00:00,train,sensor-north,4.348,60.0,1.0,0,2,4.6530000000000005,4.958,-0.6100000000000003,1.0,0,2026-02-15 08:00:00+00:00
s-00109,2026-01-14 23:00:00+00:00,train,sensor-central,4.522,60.0,1.0,0,2,4.0395,4.522,0.9650000000000003,1.0,0,2026-02-15 08:00:00+00:00
s-00108,2026-01-15 02:00:00+00:00,train,sensor-north,3.585,60.0,35.0,0,2,4.218,4.851,-1.266,1.0,0,2026-02-15 08:00:00+00:00
s-00109,2026-01-15 02:00:00+00:00,train,sensor-central,4.314,60.0,2.0,0,1,4.314,4.314,,0.0,0,2026-02-15 08:00:00+00:00
s-00110,2026-01-15 02:00:00+00:00,train,sensor-coast,3.937,60.0,1.0,0,2,4.251,4.565,-0.6280000000000006,1.0,0,2026-02-15 08:00:00+00:00
s-00109,2026-01-15 05:00:00+00:00,train,sensor-central,5.511,0.0,0.0,0,3,5.016666666666667,5.511,0.27,2.0,0,2026-02-15 08:00:00+00:00
s-00110,2026-01-15 05:00:00+00:00,train,sensor-coast,6.434,0.0,0.0,0,3,5.351333333333334,6.434,0.7965,2.0,0,2026-02-15 08:00:00+00:00
s-00111,2026-01-15 05:00:00+00:00,train,sensor-north,3.909,0.0,0.0,0,3,3.969333333333333,4.947,0.4284999999999999,2.0,0,2026-02-15 08:00:00+00:00
s-00110,2026-01-15 08:00:00+00:00,train,sensor-coast,8.683,60.0,2.0,0,2,8.1715,8.683,1.0229999999999997,1.0,1,2026-02-15 08:00:00+00:00
s-00111,2026-01-15 08:00:00+00:00,train,sensor-north,4.672,60.0,0.0,0,2,4.7805,4.889,-0.21700000000000053,1.0,0,2026-02-15 08:00:00+00:00
s-00112,2026-01-15 08:00:00+00:00,train,sensor-central,5.289,60.0,5.0,0,2,4.426,5.289,1.7259999999999995,1.0,0,2026-02-15 08:00:00+00:00
s-00111,2026-01-15 11:00:00+00:00,train,sensor-north,4.565,60.0,5.0,0,2,5.2255,5.886,-1.3209999999999997,1.0,0,2026-02-15 08:00:00+00:00
s-00112,2026-01-15 11:00:00+00:00,train,sensor-central,5.86,60.0,2.0,0,2,5.049,5.86,1.6219999999999999,1.0,0,2026-02-15 08:00:00+00:00
s-00113,2026-01-15 11:00:00+00:00,train,sensor-coast,4.961,60.0,35.0,0,2,4.7915,4.961,0.3390000000000004,1.0,0,2026-02-15 08:00:00+00:00
s-00112,2026-01-15 14:00:00+00:00,train,sensor-central,7.674,60.0,1.0,0,1,7.674,7.674,,0.0,1,2026-02-15 08:00:00+00:00
s-00113,2026-01-15 14:00:00+00:00,train,sensor-coast,5.016,60.0,2.0,0,2,4.6855,5.016,0.6609999999999996,1.0,0,2026-02-15 08:00:00+00:00
s-00114,2026-01-15 14:00:00+00:00,train,sensor-north,3.928,60.0,5.0,0,1,3.928,3.928,,0.0,0,2026-02-15 08:00:00+00:00
s-00113,2026-01-15 17:00:00+00:00,train,sensor-coast,4.642,0.0,0.0,0,3,4.812666666666667,5.119,-0.017499999999999627,2.0,0,2026-02-15 08:00:00+00:00
s-00114,2026-01-15 17:00:00+00:00,train,sensor-north,5.145,60.0,2.0,0,1,5.145,5.145,,0.0,0,2026-02-15 08:00:00+00:00
s-00115,2026-01-15 17:00:00+00:00,train,sensor-central,4.029,120.0,2.0,0,1,4.029,4.029,,0.0,0,2026-02-15 08:00:00+00:00
s-00114,2026-01-15 20:00:00+00:00,train,sensor-north,4.271,120.0,1.0,0,1,4.271,4.271,,0.0,0,2026-02-15 08:00:00+00:00
s-00115,2026-01-15 20:00:00+00:00,train,sensor-central,4.158,60.0,35.0,0,2,4.162000000000001,4.166,-0.008000000000000007,1.0,0,2026-02-15 08:00:00+00:00
s-00116,2026-01-15 20:00:00+00:00,train,sensor-coast,4.103,60.0,5.0,0,1,4.103,4.103,,0.0,0,2026-02-15 08:00:00+00:00
s-00115,2026-01-15 23:00:00+00:00,train,sensor-central,4.642,60.0,35.0,0,2,4.1265,4.642,1.0310000000000001,1.0,0,2026-02-15 08:00:00+00:00
s-00116,2026-01-15 23:00:00+00:00,train,sensor-coast,4.836,60.0,2.0,0,2,4.777,4.836,0.11800000000000033,1.0,0,2026-02-15 08:00:00+00:00
s-00117,2026-01-15 23:00:00+00:00,train,sensor-north,4.63,60.0,35.0,0,2,4.464,4.63,0.33199999999999985,1.0,0,2026-02-15 08:00:00+00:00
s-00116,2026-01-16 02:00:00+00:00,train,sensor-coast,5.479,60.0,1.0,0,2,4.9864999999999995,5.479,0.9850000000000003,1.0,0,2026-02-15 08:00:00+00:00
s-00117,2026-01-16 02:00:00+00:00,train,sensor-north,4.534,60.0,35.0,0,2,4.497999999999999,4.534,0.07200000000000006,1.0,0,2026-02-15 08:00:00+00:00
s-00118,2026-01-16 02:00:00+00:00,train,sensor-central,4.422,120.0,2.0,0,1,4.422,4.422,,0.0,0,2026-02-15 08:00:00+00:00
s-00117,2026-01-16 05:00:00+00:00,train,sensor-north,4.398,60.0,2.0,0,2,4.592499999999999,4.787,-0.38900000000000023,1.0,0,2026-02-15 08:00:00+00:00
s-00118,2026-01-16 05:00:00+00:00,train,sensor-central,5.189,60.0,2.0,0,2,4.6985,5.189,0.9809999999999999,1.0,0,2026-02-15 08:00:00+00:00
s-00119,2026-01-16 05:00:00+00:00,train,sensor-coast,4.985,120.0,1.0,0,1,4.985,4.985,,0.0,0,2026-02-15 08:00:00+00:00
s-00118,2026-01-16 08:00:00+00:00,train,sensor-central,4.333,60.0,5.0,0,1,4.333,4.333,,0.0,0,2026-02-15 08:00:00+00:00
s-00119,2026-01-16 08:00:00+00:00,train,sensor-coast,4.275,60.0,0.0,0,2,4.4015,4.528,-0.2529999999999992,1.0,0,2026-02-15 08:00:00+00:00
s-00120,2026-01-16 08:00:00+00:00,train,sensor-north,4.415,120.0,35.0,0,1,4.415,4.415,,0.0,0,2026-02-15 08:00:00+00:00
s-00119,2026-01-16 11:00:00+00:00,train,sensor-coast,4.592,0.0,0.0,0,2,5.1845,5.777,-1.1850000000000005,1.0,0,2026-02-15 08:00:00+00:00
s-00120,2026-01-16 11:00:00+00:00,train,sensor-north,6.055,60.0,0.0,0,1,6.055,6.055,,0.0,0,2026-02-15 08:00:00+00:00
s-00121,2026-01-16 11:00:00+00:00,train,sensor-central,5.228,60.0,5.0,0,1,5.228,5.228,,0.0,0,2026-02-15 08:00:00+00:00
s-00120,2026-01-16 14:00:00+00:00,train,sensor-north,4.194,0.0,0.0,0,3,5.219,5.884,-0.8450000000000002,2.0,0,2026-02-15 08:00:00+00:00
s-00121,2026-01-16 14:00:00+00:00,train,sensor-central,5.602,60.0,5.0,0,2,4.909000000000001,5.602,1.3860000000000001,1.0,0,2026-02-15 08:00:00+00:00
s-00122,2026-01-16 14:00:00+00:00,train,sensor-coast,5.863,60.0,35.0,0,1,5.863,5.863,,0.0,0,2026-02-15 08:00:00+00:00
s-00121,2026-01-16 17:00:00+00:00,train,sensor-central,4.648,60.0,0.0,0,2,4.8655,5.083,-0.4350000000000005,1.0,0,2026-02-15 08:00:00+00:00
s-00122,2026-01-16 17:00:00+00:00,train,sensor-coast,5.425,60.0,2.0,0,2,5.105,5.425,0.6399999999999997,1.0,0,2026-02-15 08:00:00+00:00
s-00123,2026-01-16 17:00:00+00:00,train,sensor-north,4.469,60.0,35.0,0,2,4.618,4.767,-0.29800000000000004,1.0,0,2026-02-15 08:00:00+00:00
s-00122,2026-01-16 20:00:00+00:00,train,sensor-coast,3.755,60.0,2.0,0,2,4.118,4.481,-0.726,1.0,0,2026-02-15 08:00:00+00:00
s-00123,2026-01-16 20:00:00+00:00,train,sensor-north,5.056,60.0,2.0,0,1,5.056,5.056,,0.0,0,2026-02-15 08:00:00+00:00
s-00124,2026-01-16 20:00:00+00:00,train,sensor-central,5.281,0.0,0.0,0,3,4.766,5.281,0.5964999999999998,2.0,0,2026-02-15 08:00:00+00:00
s-00123,2026-01-16 23:00:00+00:00,train,sensor-north,8.158,60.0,35.0,0,2,7.8705,8.158,0.5749999999999993,1.0,1,2026-02-15 08:00:00+00:00
s-00124,2026-01-16 23:00:00+00:00,train,sensor-central,4.683,60.0,2.0,0,2,4.9915,5.3,-0.617,1.0,0,2026-02-15 08:00:00+00:00
s-00125,2026-01-16 23:00:00+00:00,train,sensor-coast,4.008,60.0,5.0,0,2,4.5440000000000005,5.08,-1.072,1.0,0,2026-02-15 08:00:00+00:00
s-00124,2026-01-17 02:00:00+00:00,train,sensor-central,4.981,120.0,1.0,0,1,4.981,4.981,,0.0,0,2026-02-15 08:00:00+00:00
s-00125,2026-01-17 02:00:00+00:00,train,sensor-coast,5.291,60.0,2.0,0,1,5.291,5.291,,0.0,0,2026-02-15 08:00:00+00:00
s-00126,2026-01-17 02:00:00+00:00,train,sensor-north,4.376,60.0,1.0,0,2,4.8765,5.377,-1.0009999999999994,1.0,0,2026-02-15 08:00:00+00:00
s-00125,2026-01-17 05:00:00+00:00,train,sensor-coast,7.959,120.0,5.0,0,1,7.959,7.959,,0.0,1,2026-02-15 08:00:00+00:00
s-00126,2026-01-17 05:00:00+00:00,train,sensor-north,4.95,120.0,1.0,0,1,4.95,4.95,,0.0,0,2026-02-15 08:00:00+00:00
s-00127,2026-01-17 05:00:00+00:00,train,sensor-central,4.17,0.0,0.0,0,3,4.534,5.183,-0.03949999999999987,2.0,0,2026-02-15 08:00:00+00:00
s-00126,2026-01-17 08:00:00+00:00,train,sensor-north,4.321,60.0,1.0,0,2,4.1635,4.321,0.3149999999999995,1.0,0,2026-02-15 08:00:00+00:00
s-00127,2026-01-17 08:00:00+00:00,train,sensor-central,4.904,60.0,5.0,0,2,4.4864999999999995,4.904,0.835,1.0,0,2026-02-15 08:00:00+00:00
s-00128,2026-01-17 08:00:00+00:00,train,sensor-coast,4.916,60.0,0.0,0,2,4.8475,4.916,0.13700000000000045,1.0,0,2026-02-15 08:00:00+00:00
s-00127,2026-01-17 11:00:00+00:00,train,sensor-central,4.496,60.0,5.0,0,2,5.194000000000001,5.892,-1.396,1.0,0,2026-02-15 08:00:00+00:00
s-00128,2026-01-17 11:00:00+00:00,train,sensor-coast,5.015,60.0,5.0,0,1,5.015,5.015,,0.0,0,2026-02-15 08:00:00+00:00
s-00129,2026-01-17 11:00:00+00:00,train,sensor-north,4.832,60.0,0.0,0,1,4.832,4.832,,0.0,0,2026-02-15 08:00:00+00:00
s-00128,2026-01-17 14:00:00+00:00,train,sensor-coast,5.577,60.0,1.0,0,2,4.77,5.577,1.6139999999999999,1.0,0,2026-02-15 08:00:00+00:00
s-00129,2026-01-17 14:00:00+00:00,train,sensor-north,4.203,120.0,35.0,0,1,4.203,4.203,,0.0,0,2026-02-15 08:00:00+00:00
s-00130,2026-01-17 14:00:00+00:00,train,sensor-central,3.931,60.0,1.0,0,2,4.1935,4.456,-0.5250000000000004,1.0,0,2026-02-15 08:00:00+00:00
s-00129,2026-01-17 17:00:00+00:00,train,sensor-north,5.01,60.0,0.0,0,2,5.0055,5.01,0.008999999999999453,1.0,0,2026-02-15 08:00:00+00:00
s-00130,2026-01-17 17:00:00+00:00,train,sensor-central,5.043,0.0,0.0,0,2,5.0415,5.043,0.0015000000000000568,2.0,0,2026-02-15 08:00:00+00:00
s-00131,2026-01-17 17:00:00+00:00,train,sensor-coast,4.051,60.0,1.0,0,2,3.9855,4.051,0.13100000000000023,1.0,0,2026-02-15 08:00:00+00:00
s-00130,2026-01-17 20:00:00+00:00,train,sensor-central,5.87,60.0,5.0,0,2,5.0675,5.87,1.6050000000000004,1.0,0,2026-02-15 08:00:00+00:00
s-00131,2026-01-17 20:00:00+00:00,train,sensor-coast,4.675,0.0,0.0,0,3,4.609333333333334,4.675,0.035499999999999865,2.0,0,2026-02-15 08:00:00+00:00
s-00132,2026-01-17 20:00:00+00:00,train,sensor-north,5.473,60.0,2.0,0,2,4.7895,5.473,1.367,1.0,0,2026-02-15 08:00:00+00:00
s-00131,2026-01-17 23:00:00+00:00,train,sensor-coast,4.868,60.0,1.0,0,2,4.9645,5.061,-0.19299999999999962,1.0,0,2026-02-15 08:00:00+00:00
s-00132,2026-01-17 23:00:00+00:00,train,sensor-north,4.648,60.0,2.0,0,2,4.855,5.062,-0.4140000000000006,1.0,0,2026-02-15 08:00:00+00:00
s-00133,2026-01-17 23:00:00+00:00,train,sensor-central,4.543,60.0,35.0,0,2,4.461,4.543,0.1640000000000006,1.0,0,2026-02-15 08:00:00+00:00
s-00132,2026-01-18 02:00:00+00:00,train,sensor-north,4.953,60.0,5.0,0,2,4.905,4.953,0.09600000000000009,1.0,0,2026-02-15 08:00:00+00:00
s-00133,2026-01-18 02:00:00+00:00,train,sensor-central,4.905,60.0,2.0,0,2,4.95,4.995,-0.08999999999999986,1.0,0,2026-02-15 08:00:00+00:00
s-00134,2026-01-18 02:00:00+00:00,train,sensor-coast,5.239,60.0,0.0,0,2,4.6235,5.239,1.2309999999999999,1.0,0,2026-02-15 08:00:00+00:00
s-00133,2026-01-18 05:00:00+00:00,train,sensor-central,4.915,0.0,0.0,0,3,4.573333333333333,4.915,0.34350000000000014,2.0,0,2026-02-15 08:00:00+00:00
s-00134,2026-01-18 05:00:00+00:00,train,sensor-coast,6.251,60.0,35.0,0,2,5.7,6.251,1.1020000000000003,1.0,0,2026-02-15 08:00:00+00:00
s-00135,2026-01-18 05:00:00+00:00,train,sensor-north,4.674,120.0,5.0,0,1,4.674,4.674,,0.0,0,2026-02-15 08:00:00+00:00
s-00134,2026-01-18 08:00:00+00:00,train,sensor-coast,7.742,60.0,35.0,0,1,7.742,7.742,,0.0,1,2026-02-15 08:00:00+00:00
s-00135,2026-01-18 08:00:00+00:00,train,sensor-north,4.93,60.0,35.0,0,1,4.93,4.93,,0.0,0,2026-02-15 08:00:00+00:00
s-00136,2026-01-18 08:00:00+00:00,train,sensor-central,4.06,60.0,2.0,0,1,4.06,4.06,,0.0,0,2026-02-15 08:00:00+00:00
s-00135,2026-01-18 11:00:00+00:00,train,sensor-north,3.847,180.0,35.0,0,0,,,,,0,2026-02-15 08:00:00+00:00
s-00136,2026-01-18 11:00:00+00:00,train,sensor-central,4.591,60.0,35.0,0,2,4.3165,4.591,0.5490000000000004,1.0,0,2026-02-15 08:00:00+00:00
s-00137,2026-01-18 11:00:00+00:00,train,sensor-coast,5.218,60.0,2.0,0,1,5.218,5.218,,0.0,0,2026-02-15 08:00:00+00:00
s-00136,2026-01-18 14:00:00+00:00,train,sensor-central,4.655,60.0,2.0,0,2,5.16,5.665,-1.0099999999999998,1.0,0,2026-02-15 08:00:00+00:00
s-00137,2026-01-18 14:00:00+00:00,train,sensor-coast,5.017,0.0,0.0,0,3,4.112,5.017,0.9245000000000001,2.0,0,2026-02-15 08:00:00+00:00
s-00138,2026-01-18 14:00:00+00:00,train,sensor-north,5.284,60.0,1.0,0,2,4.952500000000001,5.284,0.6629999999999994,1.0,0,2026-02-15 08:00:00+00:00
s-00137,2026-01-18 17:00:00+00:00,train,sensor-coast,4.325,60.0,0.0,0,2,4.4445,4.564,-0.23899999999999988,1.0,0,2026-02-15 08:00:00+00:00
s-00138,2026-01-18 17:00:00+00:00,train,sensor-north,5.084,60.0,0.0,0,1,5.084,5.084,,0.0,0,2026-02-15 08:00:00+00:00
s-00139,2026-01-18 17:00:00+00:00,train,sensor-central,4.595,60.0,1.0,0,2,4.3675,4.595,0.45500000000000007,1.0,0,2026-02-15 08:00:00+00:00
s-00138,2026-01-18 20:00:00+00:00,train,sensor-north,3.608,60.0,1.0,0,2,4.1555,4.703,-1.0950000000000002,1.0,0,2026-02-15 08:00:00+00:00
s-00139,2026-01-18 20:00:00+00:00,train,sensor-central,3.52,0.0,0.0,0,3,3.763333333333333,4.031,-0.25549999999999984,2.0,0,2026-02-15 08:00:00+00:00
s-00140,2026-01-18 20:00:00+00:00,train,sensor-coast,3.986,60.0,0.0,0,2,3.6545,3.986,0.6630000000000003,1.0,0,2026-02-15 08:00:00+00:00
s-00139,2026-01-18 23:00:00+00:00,train,sensor-central,5.086,60.0,5.0,0,2,4.748,5.086,0.6760000000000002,1.0,0,2026-02-15 08:00:00+00:00
s-00140,2026-01-18 23:00:00+00:00,train,sensor-coast,4.427,60.0,5.0,0,1,4.427,4.427,,0.0,0,2026-02-15 08:00:00+00:00
s-00141,2026-01-18 23:00:00+00:00,train,sensor-north,4.333,120.0,1.0,0,1,4.333,4.333,,0.0,0,2026-02-15 08:00:00+00:00
s-00140,2026-01-19 02:00:00+00:00,train,sensor-coast,5.584,120.0,0.0,0,1,5.584,5.584,,0.0,0,2026-02-15 08:00:00+00:00
s-00141,2026-01-19 02:00:00+00:00,train,sensor-north,4.343,60.0,35.0,0,2,4.88,5.417,-1.0739999999999998,1.0,0,2026-02-15 08:00:00+00:00
s-00142,2026-01-19 02:00:00+00:00,train,sensor-central,4.54,0.0,0.0,0,3,4.562333333333333,4.709,0.051000000000000156,2.0,0,2026-02-15 08:00:00+00:00
s-00141,2026-01-19 05:00:00+00:00,train,sensor-north,4.917,60.0,2.0,0,2,4.9045000000000005,4.917,0.024999999999999467,1.0,0,2026-02-15 08:00:00+00:00
s-00142,2026-01-19 05:00:00+00:00,train,sensor-central,5.582,60.0,1.0,0,1,5.582,5.582,,0.0,0,2026-02-15 08:00:00+00:00
s-00143,2026-01-19 05:00:00+00:00,train,sensor-coast,3.723,60.0,0.0,0,2,4.234,4.745,-1.0220000000000002,1.0,0,2026-02-15 08:00:00+00:00
s-00142,2026-01-19 08:00:00+00:00,train,sensor-central,8.052,60.0,2.0,0,2,7.932,8.052,0.23999999999999932,1.0,1,2026-02-15 08:00:00+00:00
s-00143,2026-01-19 08:00:00+00:00,train,sensor-coast,5.247,60.0,0.0,0,2,4.7755,5.247,0.9429999999999996,1.0,0,2026-02-15 08:00:00+00:00
s-00144,2026-01-19 08:00:00+00:00,train,sensor-north,4.688,120.0,5.0,0,1,4.688,4.688,,0.0,0,2026-02-15 08:00:00+00:00
s-00143,2026-01-19 11:00:00+00:00,train,sensor-coast,4.837,60.0,5.0,0,2,4.9239999999999995,5.011,-0.17400000000000038,1.0,0,2026-02-15 08:00:00+00:00
s-00144,2026-01-19 11:00:00+00:00,train,sensor-north,5.166,60.0,35.0,0,2,4.7135,5.166,0.9050000000000002,1.0,0,2026-02-15 08:00:00+00:00
s-00145,2026-01-19 11:00:00+00:00,train,sensor-central,4.184,60.0,2.0,0,1,4.184,4.184,,0.0,0,2026-02-15 08:00:00+00:00
s-00144,2026-01-19 14:00:00+00:00,train,sensor-north,8.392,60.0,35.0,0,2,7.744999999999999,8.392,1.2939999999999996,1.0,1,2026-02-15 08:00:00+00:00
s-00145,2026-01-19 14:00:00+00:00,train,sensor-central,4.813,60.0,0.0,0,2,4.3625,4.813,0.9009999999999998,1.0,0,2026-02-15 08:00:00+00:00
s-00146,2026-01-19 14:00:00+00:00,train,sensor-coast,4.167,120.0,0.0,0,1,4.167,4.167,,0.0,0,2026-02-15 08:00:00+00:00
s-00145,2026-01-19 17:00:00+00:00,train,sensor-central,8.201,60.0,35.0,0,2,7.6585,8.201,1.0850000000000009,1.0,1,2026-02-15 08:00:00+00:00
s-00146,2026-01-19 17:00:00+00:00,train,sensor-coast,4.721,60.0,2.0,0,2,4.921,5.121,-0.40000000000000036,1.0,0,2026-02-15 08:00:00+00:00
s-00147,2026-01-19 17:00:00+00:00,train,sensor-north,5.165,60.0,5.0,0,2,5.1155,5.165,0.0990000000000002,1.0,0,2026-02-15 08:00:00+00:00
s-00146,2026-01-19 20:00:00+00:00,train,sensor-coast,4.452,60.0,1.0,0,2,4.4745,4.497,-0.04499999999999993,1.0,0,2026-02-15 08:00:00+00:00
s-00147,2026-01-19 20:00:00+00:00,train,sensor-north,4.632,60.0,5.0,0,2,4.987,5.342,-0.71,1.0,0,2026-02-15 08:00:00+00:00
s-00148,2026-01-19 20:00:00+00:00,train,sensor-central,4.259,60.0,1.0,0,2,4.481,4.703,-0.44399999999999995,1.0,0,2026-02-15 08:00:00+00:00
s-00147,2026-01-19 23:00:00+00:00,train,sensor-north,4.297,0.0,0.0,0,2,4.922,5.547,-1.25,1.0,0,2026-02-15 08:00:00+00:00
s-00148,2026-01-19 23:00:00+00:00,train,sensor-central,4.394,60.0,5.0,0,1,4.394,4.394,,0.0,0,2026-02-15 08:00:00+00:00
s-00149,2026-01-19 23:00:00+00:00,train,sensor-coast,4.905,120.0,1.0,0,1,4.905,4.905,,0.0,0,2026-02-15 08:00:00+00:00
s-00148,2026-01-20 02:00:00+00:00,train,sensor-central,5.581,0.0,0.0,0,2,5.4345,5.581,0.29300000000000015,1.0,0,2026-02-15 08:00:00+00:00
s-00149,2026-01-20 02:00:00+00:00,train,sensor-coast,4.292,60.0,0.0,0,2,4.3945,4.497,-0.20500000000000007,1.0,0,2026-02-15 08:00:00+00:00
s-00150,2026-01-20 02:00:00+00:00,train,sensor-north,3.838,60.0,2.0,0,2,4.1555,4.473,-0.6349999999999998,1.0,0,2026-02-15 08:00:00+00:00
s-00149,2026-01-20 05:00:00+00:00,train,sensor-coast,3.778,60.0,0.0,0,2,4.7145,5.651,-1.8729999999999998,1.0,0,2026-02-15 08:00:00+00:00
s-00150,2026-01-20 05:00:00+00:00,train,sensor-north,6.301,60.0,1.0,0,2,5.295,6.301,2.0120000000000005,1.0,0,2026-02-15 08:00:00+00:00
s-00151,2026-01-20 05:00:00+00:00,train,sensor-central,4.194,120.0,5.0,0,1,4.194,4.194,,0.0,0,2026-02-15 08:00:00+00:00
s-00150,2026-01-20 08:00:00+00:00,train,sensor-north,8.667,60.0,1.0,0,2,8.1555,8.667,1.0229999999999997,1.0,1,2026-02-15 08:00:00+00:00
s-00151,2026-01-20 08:00:00+00:00,train,sensor-central,5.973,0.0,0.0,0,2,5.4635,5.973,0.5095000000000001,2.0,0,2026-02-15 08:00:00+00:00
s-00152,2026-01-20 08:00:00+00:00,train,sensor-coast,4.684,60.0,0.0,0,2,5.0329999999999995,5.382,-0.6979999999999995,1.0,0,2026-02-15 08:00:00+00:00
s-00151,2026-01-20 11:00:00+00:00,train,sensor-central,7.799,60.0,1.0,0,2,7.5605,7.799,0.4770000000000003,1.0,1,2026-02-15 08:00:00+00:00
s-00152,2026-01-20 11:00:00+00:00,train,sensor-coast,4.088,120.0,35.0,0,1,4.088,4.088,,0.0,0,2026-02-15 08:00:00+00:00
s-00153,2026-01-20 11:00:00+00:00,train,sensor-north,4.595,120.0,5.0,0,1,4.595,4.595,,0.0,0,2026-02-15 08:00:00+00:00
s-00152,2026-01-20 14:00:00+00:00,train,sensor-coast,4.038,60.0,35.0,0,2,4.3985,4.759,-0.7210000000000001,1.0,0,2026-02-15 08:00:00+00:00
s-00153,2026-01-20 14:00:00+00:00,train,sensor-north,5.23,60.0,2.0,0,2,4.5785,5.23,1.3030000000000004,1.0,0,2026-02-15 08:00:00+00:00
s-00154,2026-01-20 14:00:00+00:00,train,sensor-central,5.841,0.0,0.0,0,3,4.988666666666667,5.841,0.8180000000000001,2.0,0,2026-02-15 08:00:00+00:00
s-00153,2026-01-20 17:00:00+00:00,train,sensor-north,4.797,60.0,35.0,0,1,4.797,4.797,,0.0,0,2026-02-15 08:00:00+00:00
s-00154,2026-01-20 17:00:00+00:00,train,sensor-central,5.306,60.0,0.0,0,2,4.9905,5.306,0.6310000000000002,1.0,0,2026-02-15 08:00:00+00:00
s-00155,2026-01-20 17:00:00+00:00,train,sensor-coast,4.446,60.0,0.0,0,2,4.332,4.446,0.22799999999999976,1.0,0,2026-02-15 08:00:00+00:00
s-00154,2026-01-20 20:00:00+00:00,train,sensor-central,8.42,60.0,1.0,0,2,8.0905,8.42,0.6589999999999998,1.0,1,2026-02-15 08:00:00+00:00
s-00155,2026-01-20 20:00:00+00:00,train,sensor-coast,5.3,60.0,0.0,0,2,4.591,5.3,1.4179999999999997,1.0,0,2026-02-15 08:00:00+00:00
s-00156,2026-01-20 20:00:00+00:00,train,sensor-north,3.545,120.0,2.0,0,1,3.545,3.545,,0.0,0,2026-02-15 08:00:00+00:00
s-00155,2026-01-20 23:00:00+00:00,train,sensor-coast,4.829,60.0,2.0,0,2,4.670999999999999,4.829,0.31599999999999984,1.0,0,2026-02-15 08:00:00+00:00
s-00156,2026-01-20 23:00:00+00:00,train,sensor-north,4.195,60.0,1.0,0,2,4.6935,5.192,-0.9969999999999999,1.0,0,2026-02-15 08:00:00+00:00
s-00157,2026-01-20 23:00:00+00:00,train,sensor-central,5.145,0.0,0.0,0,3,4.827,5.145,0.3014999999999999,2.0,0,2026-02-15 08:00:00+00:00
s-00156,2026-01-21 02:00:00+00:00,train,sensor-north,4.699,60.0,0.0,0,1,4.699,4.699,,0.0,0,2026-02-15 08:00:00+00:00
s-00157,2026-01-21 02:00:00+00:00,train,sensor-central,5.085,60.0,1.0,0,2,4.647,5.085,0.8760000000000003,1.0,0,2026-02-15 08:00:00+00:00
s-00158,2026-01-21 02:00:00+00:00,train,sensor-coast,5.189,60.0,0.0,0,1,5.189,5.189,,0.0,0,2026-02-15 08:00:00+00:00
s-00157,2026-01-21 05:00:00+00:00,train,sensor-central,4.458,60.0,1.0,0,2,4.3835,4.458,0.14900000000000002,1.0,0,2026-02-15 08:00:00+00:00
s-00158,2026-01-21 05:00:00+00:00,train,sensor-coast,4.666,60.0,2.0,0,1,4.666,4.666,,0.0,0,2026-02-15 08:00:00+00:00
s-00159,2026-01-21 05:00:00+00:00,train,sensor-north,4.12,60.0,0.0,0,1,4.12,4.12,,0.0,0,2026-02-15 08:00:00+00:00
s-00158,2026-01-21 08:00:00+00:00,train,sensor-coast,4.99,60.0,2.0,0,2,4.987500000000001,4.99,0.004999999999999893,1.0,0,2026-02-15 08:00:00+00:00
s-00159,2026-01-21 08:00:00+00:00,train,sensor-north,5.422,60.0,35.0,0,2,5.411,5.422,0.021999999999999353,1.0,0,2026-02-15 08:00:00+00:00
s-00160,2026-01-21 08:00:00+00:00,train,sensor-central,3.758,60.0,35.0,0,2,3.964,4.17,-0.4119999999999999,1.0,0,2026-02-15 08:00:00+00:00
s-00159,2026-01-21 11:00:00+00:00,train,sensor-north,9.004,0.0,0.0,0,2,8.0685,9.004,0.9354999999999998,2.0,1,2026-02-15 08:00:00+00:00
s-00160,2026-01-21 11:00:00+00:00,train,sensor-central,5.072,60.0,0.0,0,2,4.5215,5.072,1.101,1.0,0,2026-02-15 08:00:00+00:00
s-00161,2026-01-21 11:00:00+00:00,train,sensor-coast,5.09,60.0,35.0,0,2,4.9805,5.09,0.21899999999999942,1.0,0,2026-02-15 08:00:00+00:00
s-00160,2026-01-21 14:00:00+00:00,train,sensor-central,4.549,60.0,2.0,0,2,4.750500000000001,4.952,-0.4029999999999996,1.0,0,2026-02-15 08:00:00+00:00
s-00161,2026-01-21 14:00:00+00:00,train,sensor-coast,4.247,60.0,0.0,0,1,4.247,4.247,,0.0,0,2026-02-15 08:00:00+00:00
s-00162,2026-01-21 14:00:00+00:00,train,sensor-north,3.379,60.0,35.0,0,2,3.5395000000000003,3.7,-0.3210000000000002,1.0,0,2026-02-15 08:00:00+00:00
s-00161,2026-01-21 17:00:00+00:00,train,sensor-coast,4.996,60.0,2.0,0,2,4.827500000000001,4.996,0.33700000000000063,1.0,0,2026-02-15 08:00:00+00:00
s-00162,2026-01-21 17:00:00+00:00,train,sensor-north,4.476,0.0,0.0,0,1,4.476,4.476,,0.0,0,2026-02-15 08:00:00+00:00
s-00163,2026-01-21 17:00:00+00:00,train,sensor-central,4.417,60.0,0.0,0,1,4.417,4.417,,0.0,0,2026-02-15 08:00:00+00:00
s-00162,2026-01-21 20:00:00+00:00,train,sensor-north,5.031,60.0,35.0,0,2,4.9079999999999995,5.031,0.24599999999999955,1.0,0,2026-02-15 08:00:00+00:00
s-00163,2026-01-21 20:00:00+00:00,train,sensor-central,3.247,60.0,0.0,0,2,4.1690000000000005,5.091,-1.8440000000000003,1.0,0,2026-02-15 08:00:00+00:00
s-00164,2026-01-21 20:00:00+00:00,train,sensor-coast,3.458,0.0,0.0,0,2,3.891,4.324,-0.43299999999999983,2.0,0,2026-02-15 08:00:00+00:00
s-00163,2026-01-21 23:00:00+00:00,train,sensor-central,4.428,60.0,2.0,0,2,4.358499999999999,4.428,0.13900000000000023,1.0,0,2026-02-15 08:00:00+00:00
s-00164,2026-01-21 23:00:00+00:00,train,sensor-coast,4.203,120.0,1.0,0,1,4.203,4.203,,0.0,0,2026-02-15 08:00:00+00:00
s-00165,2026-01-21 23:00:00+00:00,train,sensor-north,5.106,0.0,0.0,0,3,4.172666666666666,5.106,0.7275,2.0,0,2026-02-15 08:00:00+00:00
s-00164,2026-01-22 02:00:00+00:00,train,sensor-coast,8.241,60.0,35.0,0,2,7.5225,8.241,1.4369999999999994,1.0,1,2026-02-15 08:00:00+00:00
s-00165,2026-01-22 02:00:00+00:00,train,sensor-north,6.658,0.0,0.0,0,3,5.824666666666666,6.658,0.9125000000000001,2.0,0,2026-02-15 08:00:00+00:00
s-00166,2026-01-22 02:00:00+00:00,train,sensor-central,3.926,60.0,1.0,0,2,4.005,4.084,-0.15799999999999947,1.0,0,2026-02-15 08:00:00+00:00
s-00165,2026-01-22 05:00:00+00:00,train,sensor-north,8.52,60.0,2.0,0,1,8.52,8.52,,0.0,1,2026-02-15 08:00:00+00:00
s-00166,2026-01-22 05:00:00+00:00,train,sensor-central,5.232,60.0,1.0,0,2,4.694,5.232,1.0760000000000005,1.0,0,2026-02-15 08:00:00+00:00
s-00167,2026-01-22 05:00:00+00:00,train,sensor-coast,4.858,60.0,1.0,0,1,4.858,4.858,,0.0,0,2026-02-15 08:00:00+00:00
s-00166,2026-01-22 08:00:00+00:00,train,sensor-central,4.649,120.0,2.0,0,1,4.649,4.649,,0.0,0,2026-02-15 08:00:00+00:00
s-00167,2026-01-22 08:00:00+00:00,train,sensor-coast,5.482,60.0,2.0,0,1,5.482,5.482,,0.0,0,2026-02-15 08:00:00+00:00
s-00168,2026-01-22 08:00:00+00:00,train,sensor-north,6.045,60.0,1.0,0,2,5.4190000000000005,6.045,1.2519999999999998,1.0,0,2026-02-15 08:00:00+00:00
s-00167,2026-01-22 11:00:00+00:00,train,sensor-coast,9.138,60.0,35.0,0,2,8.2085,9.138,1.859,1.0,1,2026-02-15 08:00:00+00:00
s-00168,2026-01-22 11:00:00+00:00,train,sensor-north,5.644,60.0,35.0,0,2,5.2275,5.644,0.8330000000000002,1.0,0,2026-02-15 08:00:00+00:00
s-00169,2026-01-22 11:00:00+00:00,train,sensor-central,4.644,60.0,1.0,0,2,4.607,4.644,0.07399999999999984,1.0,0,2026-02-15 08:00:00+00:00
s-00168,2026-01-22 14:00:00+00:00,train,sensor-north,7.614,120.0,5.0,0,1,7.614,7.614,,0.0,1,2026-02-15 08:00:00+00:00
s-00169,2026-01-22 14:00:00+00:00,train,sensor-central,4.645,60.0,5.0,0,2,4.1674999999999995,4.645,0.9549999999999996,1.0,0,2026-02-15 08:00:00+00:00
s-00170,2026-01-22 14:00:00+00:00,train,sensor-coast,5.258,60.0,2.0,0,2,4.355,5.258,1.806,1.0,0,2026-02-15 08:00:00+00:00
s-00169,2026-01-22 17:00:00+00:00,train,sensor-central,4.951,0.0,0.0,0,3,4.451,4.951,0.5844999999999998,2.0,0,2026-02-15 08:00:00+00:00
s-00170,2026-01-22 17:00:00+00:00,train,sensor-coast,5.343,120.0,0.0,0,1,5.343,5.343,,0.0,0,2026-02-15 08:00:00+00:00
s-00171,2026-01-22 17:00:00+00:00,train,sensor-north,4.666,0.0,0.0,0,3,4.692333333333334,5.025,0.14000000000000012,2.0,0,2026-02-15 08:00:00+00:00
s-00170,2026-01-22 20:00:00+00:00,train,sensor-coast,3.27,60.0,2.0,0,2,4.2075,5.145,-1.8749999999999996,1.0,0,2026-02-15 08:00:00+00:00
s-00171,2026-01-22 20:00:00+00:00,train,sensor-north,6.747,0.0,0.0,0,3,5.262666666666666,6.747,1.435,2.0,0,2026-02-15 08:00:00+00:00
s-00172,2026-01-22 20:00:00+00:00,train,sensor-central,4.215,0.0,0.0,0,3,4.677333333333333,5.328,-0.5565000000000002,2.0,0,2026-02-15 08:00:00+00:00
s-00171,2026-01-22 23:00:00+00:00,train,sensor-north,9.056,60.0,35.0,0,2,7.829,9.056,2.453999999999999,1.0,1,2026-02-15 08:00:00+00:00
s-00172,2026-01-22 23:00:00+00:00,train,sensor-central,4.847,60.0,0.0,0,2,4.6045,4.847,0.4850000000000003,1.0,0,2026-02-15 08:00:00+00:00
s-00173,2026-01-22 23:00:00+00:00,train,sensor-coast,4.412,60.0,5.0,0,2,4.2215,4.412,0.3810000000000002,1.0,0,2026-02-15 08:00:00+00:00
s-00172,2026-01-23 02:00:00+00:00,train,sensor-central,4.727,60.0,35.0,0,2,4.5135000000000005,4.727,0.4270000000000005,1.0,0,2026-02-15 08:00:00+00:00
s-00173,2026-01-23 02:00:00+00:00,train,sensor-coast,3.628,60.0,2.0,0,2,4.1114999999999995,4.595,-0.9669999999999996,1.0,0,2026-02-15 08:00:00+00:00
s-00174,2026-01-23 02:00:00+00:00,train,sensor-north,4.042,0.0,0.0,0,3,4.1146666666666665,4.6,0.16999999999999993,2.0,0,2026-02-15 08:00:00+00:00
s-00173,2026-01-23 05:00:00+00:00,train,sensor-coast,5.334,60.0,35.0,0,1,5.334,5.334,,0.0,0,2026-02-15 08:00:00+00:00
s-00174,2026-01-23 05:00:00+00:00,train,sensor-north,4.748,60.0,5.0,0,2,4.7765,4.805,-0.056999999999999496,1.0,0,2026-02-15 08:00:00+00:00
s-00175,2026-01-23 05:00:00+00:00,train,sensor-central,4.641,120.0,1.0,0,1,4.641,4.641,,0.0,0,2026-02-15 08:00:00+00:00
s-00174,2026-01-23 08:00:00+00:00,train,sensor-north,5.257,0.0,0.0,0,3,5.015333333333333,5.701,0.5844999999999998,2.0,0,2026-02-15 08:00:00+00:00
s-00175,2026-01-23 08:00:00+00:00,train,sensor-central,4.202,60.0,0.0,0,2,4.3765,4.551,-0.3490000000000002,1.0,0,2026-02-15 08:00:00+00:00
s-00176,2026-01-23 08:00:00+00:00,train,sensor-coast,4.016,60.0,35.0,0,1,4.016,4.016,,0.0,0,2026-02-15 08:00:00+00:00
s-00175,2026-01-23 11:00:00+00:00,train,sensor-central,5.72,0.0,0.0,0,3,4.906333333333333,5.72,0.9234999999999998,2.0,0,2026-02-15 08:00:00+00:00
s-00176,2026-01-23 11:00:00+00:00,train,sensor-coast,4.733,60.0,5.0,0,1,4.733,4.733,,0.0,0,2026-02-15 08:00:00+00:00
s-00177,2026-01-23 11:00:00+00:00,train,sensor-north,4.755,60.0,2.0,0,2,4.2595,4.755,0.9910000000000001,1.0,0,2026-02-15 08:00:00+00:00
s-00176,2026-01-23 14:00:00+00:00,train,sensor-coast,4.106,60.0,5.0,0,2,4.656499999999999,5.207,-1.101,1.0,0,2026-02-15 08:00:00+00:00
s-00177,2026-01-23 14:00:00+00:00,train,sensor-north,4.409,0.0,0.0,0,3,4.246,4.737,-0.16400000000000015,2.0,0,2026-02-15 08:00:00+00:00
s-00178,2026-01-23 14:00:00+00:00,train,sensor-central,4.165,0.0,0.0,0,3,4.337,4.428,-0.13149999999999995,2.0,0,2026-02-15 08:00:00+00:00
s-00177,2026-01-23 17:00:00+00:00,train,sensor-north,4.766,60.0,5.0,0,2,4.2844999999999995,4.766,0.9630000000000001,1.0,0,2026-02-15 08:00:00+00:00
s-00178,2026-01-23 17:00:00+00:00,train,sensor-central,4.585,0.0,0.0,0,3,4.518666666666666,4.792,-0.10349999999999993,2.0,0,2026-02-15 08:00:00+00:00
s-00179,2026-01-23 17:00:00+00:00,train,sensor-coast,4.024,60.0,35.0,0,2,3.722,4.024,0.6040000000000001,1.0,0,2026-02-15 08:00:00+00:00
s-00178,2026-01-23 20:00:00+00:00,train,sensor-central,4.537,60.0,0.0,0,2,4.503,4.537,0.06799999999999962,1.0,0,2026-02-15 08:00:00+00:00
s-00179,2026-01-23 20:00:00+00:00,train,sensor-coast,4.176,0.0,0.0,0,2,4.1965,4.217,-0.04099999999999948,1.0,0,2026-02-15 08:00:00+00:00
s-00180,2026-01-23 20:00:00+00:00,train,sensor-north,5.509,120.0,35.0,0,1,5.509,5.509,,0.0,0,2026-02-15 08:00:00+00:00
s-00179,2026-01-23 23:00:00+00:00,train,sensor-coast,4.96,60.0,0.0,0,2,5.1915,5.423,-0.4630000000000001,1.0,0,2026-02-15 08:00:00+00:00
s-00180,2026-01-23 23:00:00+00:00,train,sensor-north,4.149,60.0,35.0,0,2,4.119,4.149,0.05999999999999961,1.0,0,2026-02-15 08:00:00+00:00
s-00181,2026-01-23 23:00:00+00:00,train,sensor-central,3.408,60.0,5.0,0,2,4.003,4.598,-1.19,1.0,0,2026-02-15 08:00:00+00:00
s-00180,2026-01-24 02:00:00+00:00,train,sensor-north,4.096,120.0,1.0,0,1,4.096,4.096,,0.0,0,2026-02-15 08:00:00+00:00
s-00181,2026-01-24 02:00:00+00:00,train,sensor-central,5.217,60.0,0.0,0,2,5.0305,5.217,0.37299999999999933,1.0,0,2026-02-15 08:00:00+00:00
s-00182,2026-01-24 02:00:00+00:00,train,sensor-coast,4.23,0.0,0.0,0,3,4.128333333333334,4.23,0.027500000000000302,2.0,0,2026-02-15 08:00:00+00:00
s-00181,2026-01-24 05:00:00+00:00,train,sensor-central,4.568,60.0,5.0,0,2,4.624499999999999,4.681,-0.11300000000000043,1.0,0,2026-02-15 08:00:00+00:00
s-00182,2026-01-24 05:00:00+00:00,train,sensor-coast,4.444,60.0,35.0,0,2,5.1305,5.817,-1.3730000000000002,1.0,0,2026-02-15 08:00:00+00:00
s-00183,2026-01-24 05:00:00+00:00,train,sensor-north,3.995,60.0,35.0,0,1,3.995,3.995,,0.0,0,2026-02-15 08:00:00+00:00
s-00182,2026-01-24 08:00:00+00:00,train,sensor-coast,5.732,60.0,1.0,0,2,4.7915,5.732,1.8810000000000002,1.0,0,2026-02-15 08:00:00+00:00
s-00183,2026-01-24 08:00:00+00:00,train,sensor-north,4.21,60.0,2.0,0,2,3.802,4.21,0.8159999999999998,1.0,0,2026-02-15 08:00:00+00:00
s-00184,2026-01-24 08:00:00+00:00,train,sensor-central,3.651,60.0,1.0,0,2,4.0375,4.424,-0.7730000000000006,1.0,0,2026-02-15 08:00:00+00:00
s-00183,2026-01-24 11:00:00+00:00,train,sensor-north,4.96,60.0,35.0,0,2,4.978,4.996,-0.036000000000000476,1.0,0,2026-02-15 08:00:00+00:00
s-00184,2026-01-24 11:00:00+00:00,train,sensor-central,4.244,60.0,5.0,0,2,4.192,4.244,0.10400000000000009,1.0,0,2026-02-15 08:00:00+00:00
s-00185,2026-01-24 11:00:00+00:00,train,sensor-coast,4.169,60.0,2.0,0,2,4.134,4.169,0.0699999999999994,1.0,0,2026-02-15 08:00:00+00:00
s-00184,2026-01-24 14:00:00+00:00,train,sensor-central,5.422,60.0,1.0,0,2,5.138999999999999,5.422,0.5659999999999998,1.0,0,2026-02-15 08:00:00+00:00
s-00185,2026-01-24 14:00:00+00:00,train,sensor-coast,4.027,60.0,0.0,0,1,4.027,4.027,,0.0,0,2026-02-15 08:00:00+00:00
s-00186,2026-01-24 14:00:00+00:00,train,sensor-north,4.281,0.0,0.0,0,3,4.1033333333333335,4.281,0.00749999999999984,2.0,0,2026-02-15 08:00:00+00:00
s-00185,2026-01-24 17:00:00+00:00,train,sensor-coast,5.291,60.0,1.0,0,1,5.291,5.291,,0.0,0,2026-02-15 08:00:00+00:00
s-00186,2026-01-24 17:00:00+00:00,train,sensor-north,4.208,60.0,0.0,0,2,4.371,4.534,-0.3259999999999996,1.0,0,2026-02-15 08:00:00+00:00
s-00187,2026-01-24 17:00:00+00:00,train,sensor-central,4.079,60.0,2.0,0,2,4.8925,5.706,-1.6270000000000007,1.0,0,2026-02-15 08:00:00+00:00
s-00186,2026-01-24 20:00:00+00:00,train,sensor-north,5.237,60.0,2.0,0,2,5.000500000000001,5.237,0.47299999999999986,1.0,0,2026-02-15 08:00:00+00:00
s-00187,2026-01-24 20:00:00+00:00,train,sensor-central,4.869,0.0,0.0,0,3,5.519666666666667,6.29,-0.2655000000000003,2.0,0,2026-02-15 08:00:00+00:00
s-00188,2026-01-24 20:00:00+00:00,train,sensor-coast,4.733,60.0,1.0,0,2,4.239,4.733,0.9879999999999995,1.0,0,2026-02-15 08:00:00+00:00
s-00187,2026-01-24 23:00:00+00:00,train,sensor-central,5.208,60.0,2.0,0,2,5.1675,5.208,0.0810000000000004,1.0,0,2026-02-15 08:00:00+00:00
s-00188,2026-01-24 23:00:00+00:00,train,sensor-coast,4.679,60.0,5.0,0,2,4.442,4.679,0.4740000000000002,1.0,0,2026-02-15 08:00:00+00:00
s-00189,2026-01-24 23:00:00+00:00,train,sensor-north,4.662,60.0,0.0,0,2,3.758,4.662,1.8079999999999998,1.0,0,2026-02-15 08:00:00+00:00
s-00188,2026-01-25 02:00:00+00:00,train,sensor-coast,5.007,60.0,5.0,0,2,5.0385,5.07,-0.06300000000000061,1.0,0,2026-02-15 08:00:00+00:00
s-00189,2026-01-25 02:00:00+00:00,train,sensor-north,4.372,0.0,0.0,0,3,4.452,4.602,-0.004999999999999893,2.0,0,2026-02-15 08:00:00+00:00
s-00190,2026-01-25 02:00:00+00:00,train,sensor-central,4.082,60.0,35.0,0,2,4.679,5.276,-1.194,1.0,0,2026-02-15 08:00:00+00:00
s-00189,2026-01-25 05:00:00+00:00,train,sensor-north,4.137,60.0,0.0,0,2,4.291,4.445,-0.3080000000000007,1.0,0,2026-02-15 08:00:00+00:00
s-00190,2026-01-25 05:00:00+00:00,train,sensor-central,4.722,60.0,0.0,0,2,4.559,4.722,0.3260000000000005,1.0,0,2026-02-15 08:00:00+00:00
s-00191,2026-01-25 05:00:00+00:00,train,sensor-coast,5.263,120.0,35.0,0,1,5.263,5.263,,0.0,0,2026-02-15 08:00:00+00:00
s-00190,2026-01-25 08:00:00+00:00,train,sensor-central,5.406,60.0,5.0,0,1,5.406,5.406,,0.0,0,2026-02-15 08:00:00+00:00
s-00191,2026-01-25 08:00:00+00:00,train,sensor-coast,4.089,60.0,0.0,0,2,4.511,4.933,-0.8439999999999994,1.0,0,2026-02-15 08:00:00+00:00
s-00192,2026-01-25 08:00:00+00:00,train,sensor-north,3.609,60.0,5.0,0,2,3.7640000000000002,3.919,-0.31000000000000005,1.0,0,2026-02-15 08:00:00+00:00
s-00191,2026-01-25 11:00:00+00:00,train,sensor-coast,4.172,0.0,0.0,0,2,4.314,4.456,-0.2840000000000007,1.0,0,2026-02-15 08:00:00+00:00
s-00192,2026-01-25 11:00:00+00:00,train,sensor-north,5.228,0.0,0.0,0,2,4.797499999999999,5.228,0.4304999999999999,2.0,0,2026-02-15 08:00:00+00:00
s-00193,2026-01-25 11:00:00+00:00,train,sensor-central,4.098,60.0,2.0,0,2,4.0035,4.098,0.18900000000000006,1.0,0,2026-02-15 08:00:00+00:00
s-00192,2026-01-25 14:00:00+00:00,train,sensor-north,5.033,60.0,5.0,0,2,4.8615,5.033,0.34299999999999997,1.0,0,2026-02-15 08:00:00+00:00
s-00193,2026-01-25 14:00:00+00:00,train,sensor-central,4.936,60.0,5.0,0,2,4.884,4.936,0.10400000000000009,1.0,0,2026-02-15 08:00:00+00:00
s-00194,2026-01-25 14:00:00+00:00,train,sensor-coast,3.661,60.0,0.0,0,2,4.0105,4.36,-0.6990000000000003,1.0,0,2026-02-15 08:00:00+00:00
s-00193,2026-01-25 17:00:00+00:00,train,sensor-central,5.602,0.0,0.0,0,3,4.913666666666667,5.602,0.4135,2.0,0,2026-02-15 08:00:00+00:00
s-00194,2026-01-25 17:00:00+00:00,train,sensor-coast,5.836,0.0,0.0,0,3,5.804666666666667,6.009,-0.08650000000000002,2.0,0,2026-02-15 08:00:00+00:00
s-00195,2026-01-25 17:00:00+00:00,train,sensor-north,4.57,0.0,0.0,0,3,4.568666666666667,4.825,0.12950000000000017,2.0,0,2026-02-15 08:00:00+00:00
s-00194,2026-01-25 20:00:00+00:00,train,sensor-coast,4.427,60.0,35.0,0,2,4.3305,4.427,0.19299999999999962,1.0,0,2026-02-15 08:00:00+00:00
s-00195,2026-01-25 20:00:00+00:00,train,sensor-north,4.911,60.0,35.0,0,2,4.3445,4.911,1.1329999999999996,1.0,0,2026-02-15 08:00:00+00:00
s-00196,2026-01-25 20:00:00+00:00,train,sensor-central,5.054,60.0,0.0,0,2,4.7965,5.054,0.5150000000000006,1.0,0,2026-02-15 08:00:00+00:00
s-00195,2026-01-25 23:00:00+00:00,train,sensor-north,4.291,60.0,1.0,0,2,4.806,5.321,-1.0299999999999994,1.0,0,2026-02-15 08:00:00+00:00
s-00196,2026-01-25 23:00:00+00:00,train,sensor-central,4.796,60.0,35.0,0,2,4.6695,4.796,0.2530000000000001,1.0,0,2026-02-15 08:00:00+00:00
s-00197,2026-01-25 23:00:00+00:00,train,sensor-coast,4.095,0.0,0.0,0,2,4.6185,5.142,-0.5235000000000003,2.0,0,2026-02-15 08:00:00+00:00
s-00196,2026-01-26 02:00:00+00:00,train,sensor-central,4.974,60.0,5.0,0,1,4.974,4.974,,0.0,0,2026-02-15 08:00:00+00:00
s-00197,2026-01-26 02:00:00+00:00,train,sensor-coast,4.21,60.0,35.0,0,1,4.21,4.21,,0.0,0,2026-02-15 08:00:00+00:00
s-00198,2026-01-26 02:00:00+00:00,train,sensor-north,4.863,60.0,1.0,0,2,4.5120000000000005,4.863,0.7020000000000008,1.0,0,2026-02-15 08:00:00+00:00
s-00197,2026-01-26 05:00:00+00:00,train,sensor-coast,9.046,60.0,0.0,0,2,8.3935,9.046,1.3049999999999997,1.0,1,2026-02-15 08:00:00+00:00
s-00198,2026-01-26 05:00:00+00:00,train,sensor-north,5.201,0.0,0.0,0,3,4.967666666666666,5.201,0.07850000000000001,2.0,0,2026-02-15 08:00:00+00:00
s-00199,2026-01-26 05:00:00+00:00,train,sensor-central,4.352,60.0,35.0,0,2,4.3805,4.409,-0.056999999999999496,1.0,0,2026-02-15 08:00:00+00:00
s-00198,2026-01-26 08:00:00+00:00,train,sensor-north,4.313,60.0,5.0,0,1,4.313,4.313,,0.0,0,2026-02-15 08:00:00+00:00
s-00199,2026-01-26 08:00:00+00:00,train,sensor-central,4.537,0.0,0.0,0,2,4.438000000000001,4.537,0.1979999999999995,1.0,0,2026-02-15 08:00:00+00:00
s-00200,2026-01-26 08:00:00+00:00,train,sensor-coast,4.321,0.0,0.0,0,3,3.893333333333333,4.321,0.2699999999999998,2.0,0,2026-02-15 08:00:00+00:00
s-00199,2026-01-26 11:00:00+00:00,train,sensor-central,5.074,60.0,1.0,0,2,4.5805,5.074,0.9870000000000001,1.0,0,2026-02-15 08:00:00+00:00
s-00200,2026-01-26 11:00:00+00:00,train,sensor-coast,4.843,60.0,35.0,0,2,4.461,4.843,0.7640000000000002,1.0,0,2026-02-15 08:00:00+00:00
s-00201,2026-01-26 11:00:00+00:00,train,sensor-north,4.562,60.0,5.0,0,2,4.771000000000001,4.98,-0.41800000000000015,1.0,0,2026-02-15 08:00:00+00:00
s-00200,2026-01-26 14:00:00+00:00,train,sensor-coast,5.794,60.0,0.0,0,2,4.964,5.794,1.6599999999999993,1.0,0,2026-02-15 08:00:00+00:00
s-00201,2026-01-26 14:00:00+00:00,train,sensor-north,4.268,60.0,5.0,0,2,5.016,5.764,-1.4960000000000004,1.0,0,2026-02-15 08:00:00+00:00
s-00202,2026-01-26 14:00:00+00:00,train,sensor-central,5.39,0.0,0.0,0,3,4.4383333333333335,5.39,0.8414999999999999,2.0,0,2026-02-15 08:00:00+00:00
s-00201,2026-01-26 17:00:00+00:00,train,sensor-north,9.609,60.0,5.0,0,2,8.462,9.609,2.2939999999999996,1.0,1,2026-02-15 08:00:00+00:00
s-00202,2026-01-26 17:00:00+00:00,train,sensor-central,5.225,60.0,0.0,0,2,4.922499999999999,5.225,0.6049999999999995,1.0,0,2026-02-15 08:00:00+00:00
s-00203,2026-01-26 17:00:00+00:00,train,sensor-coast,4.455,60.0,1.0,0,1,4.455,4.455,,0.0,0,2026-02-15 08:00:00+00:00
s-00202,2026-01-26 20:00:00+00:00,train,sensor-central,4.372,60.0,2.0,0,2,4.614,4.856,-0.484,1.0,0,2026-02-15 08:00:00+00:00
s-00203,2026-01-26 20:00:00+00:00,train,sensor-coast,4.613,60.0,35.0,0,2,4.1315,4.613,0.9630000000000005,1.0,0,2026-02-15 08:00:00+00:00
s-00204,2026-01-26 20:00:00+00:00,train,sensor-north,4.016,60.0,0.0,0,1,4.016,4.016,,0.0,0,2026-02-15 08:00:00+00:00
s-00203,2026-01-26 23:00:00+00:00,train,sensor-coast,5.313,60.0,5.0,0,2,4.96,5.313,0.7059999999999995,1.0,0,2026-02-15 08:00:00+00:00
s-00204,2026-01-26 23:00:00+00:00,train,sensor-north,4.907,0.0,0.0,0,2,4.5600000000000005,4.907,0.694,1.0,0,2026-02-15 08:00:00+00:00
s-00205,2026-01-26 23:00:00+00:00,train,sensor-central,4.385,60.0,0.0,0,2,4.422499999999999,4.46,-0.07500000000000018,1.0,0,2026-02-15 08:00:00+00:00
s-00204,2026-01-27 02:00:00+00:00,train,sensor-north,4.935,0.0,0.0,0,2,4.9525,4.97,-0.03500000000000014,1.0,0,2026-02-15 08:00:00+00:00
s-00205,2026-01-27 02:00:00+00:00,train,sensor-central,5.202,60.0,35.0,0,2,4.928,5.202,0.548,1.0,0,2026-02-15 08:00:00+00:00
s-00206,2026-01-27 02:00:00+00:00,train,sensor-coast,4.293,60.0,1.0,0,2,4.3565000000000005,4.42,-0.12699999999999978,1.0,0,2026-02-15 08:00:00+00:00
s-00205,2026-01-27 05:00:00+00:00,train,sensor-central,3.899,60.0,35.0,0,2,4.8445,5.79,-1.891,1.0,0,2026-02-15 08:00:00+00:00
s-00206,2026-01-27 05:00:00+00:00,train,sensor-coast,3.959,120.0,35.0,0,1,3.959,3.959,,0.0,0,2026-02-15 08:00:00+00:00
s-00207,2026-01-27 05:00:00+00:00,train,sensor-north,4.337,60.0,2.0,0,2,4.3045,4.337,0.0649999999999995,1.0,0,2026-02-15 08:00:00+00:00
s-00206,2026-01-27 08:00:00+00:00,train,sensor-coast,5.453,60.0,2.0,0,2,5.109,5.453,0.6880000000000006,1.0,0,2026-02-15 08:00:00+00:00
s-00207,2026-01-27 08:00:00+00:00,train,sensor-north,5.993,60.0,2.0,0,1,5.993,5.993,,0.0,0,2026-02-15 08:00:00+00:00
s-00208,2026-01-27 08:00:00+00:00,train,sensor-central,4.558,60.0,0.0,0,2,4.5465,4.558,0.022999999999999687,1.0,0,2026-02-15 08:00:00+00:00
s-00207,2026-01-27 11:00:00+00:00,train,sensor-north,3.914,60.0,1.0,0,1,3.914,3.914,,0.0,0,2026-02-15 08:00:00+00:00
s-00208,2026-01-27 11:00:00+00:00,train,sensor-central,4.012,60.0,5.0,0,2,4.289,4.566,-0.5540000000000003,1.0,0,2026-02-15 08:00:00+00:00
s-00209,2026-01-27 11:00:00+00:00,train,sensor-coast,5.409,0.0,0.0,0,3,4.663333333333333,5.409,0.4394999999999998,2.0,0,2026-02-15 08:00:00+00:00
s-00208,2026-01-27 14:00:00+00:00,train,sensor-central,5.649,60.0,1.0,0,2,5.2485,5.649,0.8010000000000002,1.0,0,2026-02-15 08:00:00+00:00
s-00209,2026-01-27 14:00:00+00:00,train,sensor-coast,4.511,60.0,35.0,0,2,4.496,4.511,0.03000000000000025,1.0,0,2026-02-15 08:00:00+00:00
s-00210,2026-01-27 14:00:00+00:00,train,sensor-north,4.356,180.0,180.0,0,0,,,,,0,2026-02-15 08:00:00+00:00
s-00209,2026-01-27 17:00:00+00:00,train,sensor-coast,5.887,60.0,35.0,0,2,5.0915,5.887,1.5909999999999993,1.0,0,2026-02-15 08:00:00+00:00
s-00210,2026-01-27 17:00:00+00:00,train,sensor-north,4.575,180.0,1.0,0,0,,,,,0,2026-02-15 08:00:00+00:00
s-00211,2026-01-27 17:00:00+00:00,train,sensor-central,3.407,0.0,0.0,0,3,4.298666666666667,5.336,-0.3729999999999998,2.0,0,2026-02-15 08:00:00+00:00
s-00210,2026-01-27 20:00:00+00:00,train,sensor-north,4.951,60.0,2.0,0,2,4.792,4.951,0.3179999999999996,1.0,0,2026-02-15 08:00:00+00:00
s-00211,2026-01-27 20:00:00+00:00,train,sensor-central,4.115,60.0,2.0,0,2,4.254,4.393,-0.2779999999999996,1.0,0,2026-02-15 08:00:00+00:00
s-00212,2026-01-27 20:00:00+00:00,train,sensor-coast,4.496,60.0,2.0,0,2,4.0465,4.496,0.8990000000000005,1.0,0,2026-02-15 08:00:00+00:00
s-00211,2026-01-27 23:00:00+00:00,train,sensor-central,4.367,60.0,2.0,0,2,4.8145,5.262,-0.8949999999999996,1.0,0,2026-02-15 08:00:00+00:00
s-00212,2026-01-27 23:00:00+00:00,train,sensor-coast,7.548,0.0,0.0,0,3,5.583333333333333,7.548,1.3770000000000002,2.0,0,2026-02-15 08:00:00+00:00
s-00213,2026-01-27 23:00:00+00:00,train,sensor-north,4.506,180.0,5.0,0,0,,,,,0,2026-02-15 08:00:00+00:00
s-00212,2026-01-28 02:00:00+00:00,train,sensor-coast,8.266,120.0,5.0,0,1,8.266,8.266,,0.0,1,2026-02-15 08:00:00+00:00
s-00213,2026-01-28 02:00:00+00:00,train,sensor-north,5.135,60.0,5.0,0,2,4.513999999999999,5.135,1.242,1.0,0,2026-02-15 08:00:00+00:00
s-00214,2026-01-28 02:00:00+00:00,train,sensor-central,4.26,0.0,0.0,0,2,3.6725,4.26,1.1749999999999998,1.0,0,2026-02-15 08:00:00+00:00
s-00213,2026-01-28 05:00:00+00:00,train,sensor-north,3.909,120.0,5.0,0,1,3.909,3.909,,0.0,0,2026-02-15 08:00:00+00:00
s-00214,2026-01-28 05:00:00+00:00,train,sensor-central,4.799,60.0,35.0,0,2,4.8555,4.912,-0.11299999999999955,1.0,0,2026-02-15 08:00:00+00:00
s-00215,2026-01-28 05:00:00+00:00,train,sensor-coast,4.212,60.0,2.0,0,2,4.6095,5.007,-0.7949999999999999,1.0,0,2026-02-15 08:00:00+00:00
s-00214,2026-01-28 08:00:00+00:00,train,sensor-central,4.309,60.0,0.0,0,1,4.309,4.309,,0.0,0,2026-02-15 08:00:00+00:00
s-00215,2026-01-28 08:00:00+00:00,train,sensor-coast,4.661,60.0,35.0,0,2,4.7475,4.834,-0.17300000000000004,1.0,0,2026-02-15 08:00:00+00:00
s-00216,2026-01-28 08:00:00+00:00,train,sensor-north,5.16,60.0,1.0,0,2,4.76,5.16,0.7999999999999998,1.0,0,2026-02-15 08:00:00+00:00
s-00215,2026-01-28 11:00:00+00:00,train,sensor-coast,4.636,60.0,0.0,0,1,4.636,4.636,,0.0,0,2026-02-15 08:00:00+00:00
s-00216,2026-01-28 11:00:00+00:00,train,sensor-north,4.448,120.0,35.0,0,1,4.448,4.448,,0.0,0,2026-02-15 08:00:00+00:00
s-00217,2026-01-28 11:00:00+00:00,train,sensor-central,3.776,60.0,2.0,0,2,3.2605,3.776,1.0309999999999997,1.0,0,2026-02-15 08:00:00+00:00
s-00216,2026-01-28 14:00:00+00:00,train,sensor-north,4.954,180.0,5.0,0,0,,,,,0,2026-02-15 08:00:00+00:00
s-00217,2026-01-28 14:00:00+00:00,train,sensor-central,4.196,60.0,5.0,0,2,3.8339999999999996,4.196,0.7239999999999998,1.0,0,2026-02-15 08:00:00+00:00
s-00218,2026-01-28 14:00:00+00:00,train,sensor-coast,4.006,0.0,0.0,0,3,4.321,5.065,0.05700000000000016,2.0,0,2026-02-15 08:00:00+00:00
s-00217,2026-01-28 17:00:00+00:00,train,sensor-central,5.264,60.0,0.0,0,2,5.1899999999999995,5.264,0.14800000000000058,1.0,0,2026-02-15 08:00:00+00:00
s-00218,2026-01-28 17:00:00+00:00,train,sensor-coast,4.802,60.0,1.0,0,2,4.311999999999999,4.802,0.9799999999999995,1.0,0,2026-02-15 08:00:00+00:00
s-00219,2026-01-28 17:00:00+00:00,train,sensor-north,4.515,120.0,0.0,0,1,4.515,4.515,,0.0,0,2026-02-15 08:00:00+00:00
s-00218,2026-01-28 20:00:00+00:00,train,sensor-coast,4.743,60.0,0.0,0,2,5.242,5.741,-0.9979999999999993,1.0,0,2026-02-15 08:00:00+00:00
s-00219,2026-01-28 20:00:00+00:00,train,sensor-north,5.307,60.0,1.0,0,2,5.376,5.445,-0.1379999999999999,1.0,0,2026-02-15 08:00:00+00:00
s-00220,2026-01-28 20:00:00+00:00,train,sensor-central,4.933,60.0,35.0,0,2,4.2955,4.933,1.275,1.0,0,2026-02-15 08:00:00+00:00
s-00219,2026-01-28 23:00:00+00:00,train,sensor-north,4.327,60.0,0.0,0,1,4.327,4.327,,0.0,0,2026-02-15 08:00:00+00:00
s-00220,2026-01-28 23:00:00+00:00,train,sensor-central,5.212,60.0,35.0,0,2,4.7095,5.212,1.005,1.0,0,2026-02-15 08:00:00+00:00
s-00221,2026-01-28 23:00:00+00:00,train,sensor-coast,5.097,120.0,2.0,0,1,5.097,5.097,,0.0,0,2026-02-15 08:00:00+00:00
s-00220,2026-01-29 02:00:00+00:00,train,sensor-central,4.391,0.0,0.0,0,3,4.6466666666666665,5.534,0.18800000000000017,2.0,0,2026-02-15 08:00:00+00:00
s-00221,2026-01-29 02:00:00+00:00,train,sensor-coast,6.188,0.0,0.0,0,3,5.434,6.188,0.8699999999999997,2.0,0,2026-02-15 08:00:00+00:00
s-00222,2026-01-29 02:00:00+00:00,train,sensor-north,4.462,0.0,0.0,0,3,4.1066666666666665,4.462,0.21550000000000002,2.0,0,2026-02-15 08:00:00+00:00
s-00221,2026-01-29 05:00:00+00:00,train,sensor-coast,8.211,60.0,5.0,0,2,7.5985,8.211,1.2250000000000005,1.0,1,2026-02-15 08:00:00+00:00
s-00222,2026-01-29 05:00:00+00:00,train,sensor-north,5.892,60.0,5.0,0,2,5.5735,5.892,0.6370000000000005,1.0,1,2026-02-15 08:00:00+00:00
s-00223,2026-01-29 05:00:00+00:00,train,sensor-central,4.103,0.0,0.0,0,2,4.2255,4.348,-0.12250000000000005,2.0,0,2026-02-15 08:00:00+00:00
s-00222,2026-01-29 08:00:00+00:00,train,sensor-north,10.277,0.0,0.0,0,3,8.851333333333333,10.277,1.4189999999999996,2.0,1,2026-02-15 08:00:00+00:00
s-00223,2026-01-29 08:00:00+00:00,train,sensor-central,4.479,60.0,5.0,0,2,4.6815,4.884,-0.40500000000000025,1.0,0,2026-02-15 08:00:00+00:00
s-00224,2026-01-29 08:00:00+00:00,train,sensor-coast,4.464,0.0,0.0,0,3,4.261333333333333,4.598,-0.06699999999999973,2.0,0,2026-02-15 08:00:00+00:00
s-00223,2026-01-29 11:00:00+00:00,train,sensor-central,5.022,60.0,0.0,0,1,5.022,5.022,,0.0,0,2026-02-15 08:00:00+00:00
s-00224,2026-01-29 11:00:00+00:00,train,sensor-coast,5.269,60.0,0.0,0,2,5.3475,5.426,-0.15700000000000003,1.0,0,2026-02-15 08:00:00+00:00
s-00225,2026-01-29 11:00:00+00:00,train,sensor-north,4.595,0.0,0.0,0,3,4.391333333333334,4.595,0.2609999999999997,2.0,0,2026-02-15 08:00:00+00:00
s-00224,2026-01-29 14:00:00+00:00,train,sensor-coast,9.264,60.0,2.0,0,2,8.370999999999999,9.264,1.7859999999999996,1.0,1,2026-02-15 08:00:00+00:00
s-00225,2026-01-29 14:00:00+00:00,train,sensor-north,4.35,60.0,5.0,0,2,4.452999999999999,4.556,-0.2060000000000004,1.0,0,2026-02-15 08:00:00+00:00
s-00226,2026-01-29 14:00:00+00:00,train,sensor-central,4.086,60.0,35.0,0,2,4.968,5.85,-1.7639999999999993,1.0,0,2026-02-15 08:00:00+00:00
s-00225,2026-01-29 17:00:00+00:00,train,sensor-north,4.078,60.0,1.0,0,2,4.788,5.498,-1.42,1.0,0,2026-02-15 08:00:00+00:00
s-00226,2026-01-29 17:00:00+00:00,train,sensor-central,3.564,180.0,180.0,0,0,,,,,0,2026-02-15 08:00:00+00:00
s-00227,2026-01-29 17:00:00+00:00,train,sensor-coast,4.88,60.0,2.0,0,2,4.7219999999999995,4.88,0.31599999999999984,1.0,0,2026-02-15 08:00:00+00:00
s-00226,2026-01-29 20:00:00+00:00,train,sensor-central,4.793,60.0,2.0,0,2,5.580500000000001,6.368,-1.5750000000000002,1.0,0,2026-02-15 08:00:00+00:00
s-00227,2026-01-29 20:00:00+00:00,train,sensor-coast,3.873,120.0,0.0,0,1,3.873,3.873,,0.0,0,2026-02-15 08:00:00+00:00
s-00228,2026-01-29 20:00:00+00:00,train,sensor-north,3.65,120.0,35.0,0,1,3.65,3.65,,0.0,0,2026-02-15 08:00:00+00:00
s-00227,2026-01-29 23:00:00+00:00,train,sensor-coast,9.509,0.0,0.0,0,3,8.281666666666666,9.509,1.3505000000000003,2.0,1,2026-02-15 08:00:00+00:00
s-00228,2026-01-29 23:00:00+00:00,train,sensor-north,5.086,120.0,5.0,0,1,5.086,5.086,,0.0,0,2026-02-15 08:00:00+00:00
s-00229,2026-01-29 23:00:00+00:00,train,sensor-central,3.513,60.0,1.0,0,2,3.4204999999999997,3.513,0.18500000000000005,1.0,0,2026-02-15 08:00:00+00:00
s-00228,2026-01-30 02:00:00+00:00,train,sensor-north,5.438,120.0,0.0,0,1,5.438,5.438,,0.0,0,2026-02-15 08:00:00+00:00
s-00229,2026-01-30 02:00:00+00:00,train,sensor-central,4.702,60.0,2.0,0,2,4.8635,5.025,-0.3230000000000004,1.0,0,2026-02-15 08:00:00+00:00
s-00230,2026-01-30 02:00:00+00:00,train,sensor-coast,4.328,120.0,1.0,0,1,4.328,4.328,,0.0,0,2026-02-15 08:00:00+00:00
s-00229,2026-01-30 05:00:00+00:00,train,sensor-central,5.055,60.0,0.0,0,2,4.6935,5.055,0.7229999999999999,1.0,0,2026-02-15 08:00:00+00:00
s-00230,2026-01-30 05:00:00+00:00,train,sensor-coast,4.09,60.0,1.0,0,2,4.2865,4.483,-0.3929999999999998,1.0,0,2026-02-15 08:00:00+00:00
s-00231,2026-01-30 05:00:00+00:00,train,sensor-north,3.599,120.0,1.0,0,1,3.599,3.599,,0.0,0,2026-02-15 08:00:00+00:00
s-00230,2026-01-30 08:00:00+00:00,train,sensor-coast,4.973,60.0,35.0,0,2,5.0005,5.028,-0.054999999999999716,1.0,0,2026-02-15 08:00:00+00:00
s-00231,2026-01-30 08:00:00+00:00,train,sensor-north,5.24,60.0,2.0,0,2,5.428,5.616,-0.37599999999999945,1.0,0,2026-02-15 08:00:00+00:00
s-00232,2026-01-30 08:00:00+00:00,train,sensor-central,4.638,0.0,0.0,0,3,4.329,4.638,0.14549999999999974,2.0,0,2026-02-15 08:00:00+00:00
s-00231,2026-01-30 11:00:00+00:00,train,sensor-north,4.73,60.0,35.0,0,2,4.4995,4.73,0.4610000000000003,1.0,0,2026-02-15 08:00:00+00:00
s-00232,2026-01-30 11:00:00+00:00,train,sensor-central,4.541,0.0,0.0,0,3,4.538666666666667,4.859,0.1625000000000001,2.0,0,2026-02-15 08:00:00+00:00
s-00233,2026-01-30 11:00:00+00:00,train,sensor-coast,4.264,60.0,1.0,0,2,4.405,4.546,-0.28200000000000003,1.0,0,2026-02-15 08:00:00+00:00
s-00232,2026-01-30 14:00:00+00:00,train,sensor-central,4.453,120.0,0.0,0,1,4.453,4.453,,0.0,0,2026-02-15 08:00:00+00:00
s-00233,2026-01-30 14:00:00+00:00,train,sensor-coast,5.17,0.0,0.0,0,3,5.082333333333334,5.17,0.008500000000000174,2.0,0,2026-02-15 08:00:00+00:00
s-00234,2026-01-30 14:00:00+00:00,train,sensor-north,4.349,60.0,35.0,0,2,4.101,4.349,0.496,1.0,0,2026-02-15 08:00:00+00:00
s-00233,2026-01-30 17:00:00+00:00,train,sensor-coast,5.005,60.0,35.0,0,2,4.9885,5.005,0.032999999999999474,1.0,0,2026-02-15 08:00:00+00:00
s-00234,2026-01-30 17:00:00+00:00,train,sensor-north,4.852,60.0,5.0,0,2,4.3345,4.852,1.0350000000000001,1.0,0,2026-02-15 08:00:00+00:00
s-00235,2026-01-30 17:00:00+00:00,train,sensor-central,4.44,60.0,2.0,0,2,4.4205000000000005,4.44,0.03900000000000059,1.0,0,2026-02-15 08:00:00+00:00
s-00234,2026-01-30 20:00:00+00:00,train,sensor-north,8.899,60.0,1.0,0,2,8.022499999999999,8.899,1.7529999999999992,1.0,1,2026-02-15 08:00:00+00:00
s-00235,2026-01-30 20:00:00+00:00,train,sensor-central,3.8,180.0,5.0,0,0,,,,,0,2026-02-15 08:00:00+00:00
s-00236,2026-01-30 20:00:00+00:00,train,sensor-coast,4.634,60.0,35.0,0,2,4.468500000000001,4.634,0.3310000000000004,1.0,0,2026-02-15 08:00:00+00:00
s-00235,2026-01-30 23:00:00+00:00,train,sensor-central,7.573,60.0,2.0,0,2,8.1815,8.79,-1.2169999999999987,1.0,1,2026-02-15 08:00:00+00:00
s-00236,2026-01-30 23:00:00+00:00,train,sensor-coast,5.82,120.0,5.0,0,1,5.82,5.82,,0.0,0,2026-02-15 08:00:00+00:00
s-00237,2026-01-30 23:00:00+00:00,train,sensor-north,4.031,60.0,5.0,0,2,3.9505,4.031,0.1609999999999996,1.0,0,2026-02-15 08:00:00+00:00
s-00236,2026-01-31 02:00:00+00:00,train,sensor-coast,4.486,60.0,0.0,0,2,4.436,4.486,0.09999999999999964,1.0,0,2026-02-15 08:00:00+00:00
s-00237,2026-01-31 02:00:00+00:00,train,sensor-north,4.202,0.0,0.0,0,2,4.327999999999999,4.454,-0.1259999999999999,2.0,0,2026-02-15 08:00:00+00:00
s-00238,2026-01-31 02:00:00+00:00,train,sensor-central,4.426,60.0,1.0,0,2,4.2364999999999995,4.426,0.37900000000000045,1.0,0,2026-02-15 08:00:00+00:00
s-00237,2026-01-31 05:00:00+00:00,train,sensor-north,4.953,60.0,35.0,0,1,4.953,4.953,,0.0,0,2026-02-15 08:00:00+00:00
s-00238,2026-01-31 05:00:00+00:00,train,sensor-central,6.03,60.0,2.0,0,1,6.03,6.03,,0.0,0,2026-02-15 08:00:00+00:00
s-00239,2026-01-31 05:00:00+00:00,train,sensor-coast,5.138,60.0,2.0,0,1,5.138,5.138,,0.0,0,2026-02-15 08:00:00+00:00
s-00238,2026-01-31 08:00:00+00:00,train,sensor-central,7.777,60.0,1.0,0,2,7.65,7.777,0.25400000000000045,1.0,1,2026-02-15 08:00:00+00:00
s-00239,2026-01-31 08:00:00+00:00,train,sensor-coast,4.732,60.0,2.0,0,1,4.732,4.732,,0.0,0,2026-02-15 08:00:00+00:00
s-00240,2026-01-31 08:00:00+00:00,train,sensor-north,4.735,0.0,0.0,0,3,4.520666666666667,5.424,0.6660000000000001,2.0,0,2026-02-15 08:00:00+00:00
s-00239,2026-01-31 11:00:00+00:00,train,sensor-coast,8.773,60.0,35.0,0,2,8.1735,8.773,1.1989999999999998,1.0,1,2026-02-15 08:00:00+00:00
s-00240,2026-01-31 11:00:00+00:00,train,sensor-north,4.735,0.0,0.0,0,3,4.555666666666666,5.06,0.4315000000000002,2.0,0,2026-02-15 08:00:00+00:00
s-00241,2026-01-31 11:00:00+00:00,train,sensor-central,4.764,60.0,35.0,0,2,4.0955,4.764,1.3370000000000002,1.0,0,2026-02-15 08:00:00+00:00
s-00240,2026-01-31 14:00:00+00:00,train,sensor-north,5.008,120.0,5.0,0,1,5.008,5.008,,0.0,0,2026-02-15 08:00:00+00:00
s-00241,2026-01-31 14:00:00+00:00,train,sensor-central,4.846,0.0,0.0,0,3,4.464666666666667,4.846,0.2044999999999999,2.0,0,2026-02-15 08:00:00+00:00
s-00242,2026-01-31 14:00:00+00:00,train,sensor-coast,5.145,60.0,35.0,0,2,4.6765,5.145,0.9369999999999994,1.0,0,2026-02-15 08:00:00+00:00
s-00241,2026-01-31 17:00:00+00:00,train,sensor-central,5.038,60.0,5.0,0,2,4.9385,5.038,0.19899999999999984,1.0,0,2026-02-15 08:00:00+00:00
s-00242,2026-01-31 17:00:00+00:00,train,sensor-coast,5.706,60.0,2.0,0,2,4.982,5.706,1.4480000000000004,1.0,0,2026-02-15 08:00:00+00:00
s-00243,2026-01-31 17:00:00+00:00,train,sensor-north,4.22,0.0,0.0,0,2,4.2010000000000005,4.22,0.018999999999999684,2.0,0,2026-02-15 08:00:00+00:00
s-00242,2026-01-31 20:00:00+00:00,train,sensor-coast,8.657,60.0,5.0,0,2,8.27,8.657,0.774,1.0,1,2026-02-15 08:00:00+00:00
s-00243,2026-01-31 20:00:00+00:00,train,sensor-north,3.801,60.0,2.0,0,2,3.726,3.801,0.15000000000000036,1.0,0,2026-02-15 08:00:00+00:00
s-00244,2026-01-31 20:00:00+00:00,train,sensor-central,4.632,60.0,2.0,0,2,4.4135,4.632,0.4369999999999994,1.0,0,2026-02-15 08:00:00+00:00
s-00243,2026-01-31 23:00:00+00:00,train,sensor-north,5.271,60.0,5.0,0,2,4.872999999999999,5.271,0.7960000000000003,1.0,0,2026-02-15 08:00:00+00:00
s-00244,2026-01-31 23:00:00+00:00,train,sensor-central,5.249,60.0,0.0,0,2,4.88,5.249,0.7379999999999995,1.0,0,2026-02-15 08:00:00+00:00
s-00245,2026-01-31 23:00:00+00:00,train,sensor-coast,4.512,60.0,2.0,0,2,3.7775,4.512,1.4689999999999994,1.0,0,2026-02-15 08:00:00+00:00
s-00244,2026-02-01 02:00:00+00:00,train,sensor-central,3.556,60.0,0.0,0,1,3.556,3.556,,0.0,0,2026-02-15 08:00:00+00:00
s-00245,2026-02-01 02:00:00+00:00,train,sensor-coast,5.849,0.0,0.0,0,3,5.059666666666667,5.849,0.8570000000000002,2.0,0,2026-02-15 08:00:00+00:00
s-00246,2026-02-01 02:00:00+00:00,train,sensor-north,4.719,60.0,2.0,0,2,4.6205,4.719,0.19700000000000006,1.0,0,2026-02-15 08:00:00+00:00
s-00245,2026-02-01 05:00:00+00:00,train,sensor-coast,8.032,60.0,35.0,0,1,8.032,8.032,,0.0,1,2026-02-15 08:00:00+00:00
s-00246,2026-02-01 05:00:00+00:00,train,sensor-north,4.37,60.0,35.0,0,2,4.585,4.8,-0.4299999999999997,1.0,0,2026-02-15 08:00:00+00:00
s-00247,2026-02-01 05:00:00+00:00,train,sensor-central,3.454,0.0,0.0,0,3,3.9426666666666668,4.213,-0.3534999999999997,2.0,0,2026-02-15 08:00:00+00:00
s-00246,2026-02-01 08:00:00+00:00,train,sensor-north,4.815,60.0,0.0,0,2,4.4515,4.815,0.7270000000000003,1.0,0,2026-02-15 08:00:00+00:00
s-00247,2026-02-01 08:00:00+00:00,train,sensor-central,3.87,60.0,1.0,0,2,4.3505,4.831,-0.9610000000000003,1.0,0,2026-02-15 08:00:00+00:00
s-00248,2026-02-01 08:00:00+00:00,train,sensor-coast,3.68,60.0,5.0,0,2,3.848,4.016,-0.33599999999999985,1.0,0,2026-02-15 08:00:00+00:00
s-00247,2026-02-01 11:00:00+00:00,train,sensor-central,4.387,60.0,0.0,0,2,4.9239999999999995,5.461,-1.0740000000000007,1.0,0,2026-02-15 08:00:00+00:00
s-00248,2026-02-01 11:00:00+00:00,train,sensor-coast,5.112,60.0,2.0,0,2,4.2620000000000005,5.112,1.7000000000000002,1.0,0,2026-02-15 08:00:00+00:00
s-00249,2026-02-01 11:00:00+00:00,train,sensor-north,3.76,60.0,2.0,0,2,4.602,5.444,-1.6840000000000002,1.0,0,2026-02-15 08:00:00+00:00
s-00248,2026-02-01 14:00:00+00:00,train,sensor-coast,4.987,0.0,0.0,0,2,4.432,4.987,1.1100000000000003,1.0,0,2026-02-15 08:00:00+00:00
s-00249,2026-02-01 14:00:00+00:00,train,sensor-north,4.878,60.0,1.0,0,2,4.8255,4.878,0.10500000000000043,1.0,0,2026-02-15 08:00:00+00:00
s-00250,2026-02-01 14:00:00+00:00,train,sensor-central,4.025,60.0,1.0,0,2,3.9530000000000003,4.025,0.14400000000000057,1.0,0,2026-02-15 08:00:00+00:00
s-00249,2026-02-01 17:00:00+00:00,train,sensor-north,4.705,60.0,1.0,0,2,4.5625,4.705,0.28500000000000014,1.0,0,2026-02-15 08:00:00+00:00
s-00250,2026-02-01 17:00:00+00:00,train,sensor-central,4.748,60.0,5.0,0,2,4.6955,4.748,0.10500000000000043,1.0,0,2026-02-15 08:00:00+00:00
s-00251,2026-02-01 17:00:00+00:00,train,sensor-coast,4.869,60.0,2.0,0,2,4.4245,4.869,0.8889999999999998,1.0,0,2026-02-15 08:00:00+00:00
s-00250,2026-02-01 20:00:00+00:00,train,sensor-central,4.701,60.0,5.0,0,1,4.701,4.701,,0.0,0,2026-02-15 08:00:00+00:00
s-00251,2026-02-01 20:00:00+00:00,train,sensor-coast,5.089,120.0,1.0,0,1,5.089,5.089,,0.0,0,2026-02-15 08:00:00+00:00
s-00252,2026-02-01 20:00:00+00:00,train,sensor-north,4.312,60.0,1.0,0,2,4.375,4.438,-0.12599999999999945,1.0,0,2026-02-15 08:00:00+00:00
s-00251,2026-02-01 23:00:00+00:00,train,sensor-coast,8.478,60.0,2.0,0,2,7.5009999999999994,8.478,1.9539999999999997,1.0,1,2026-02-15 08:00:00+00:00
s-00252,2026-02-01 23:00:00+00:00,train,sensor-north,5.465,60.0,2.0,0,2,4.766,5.465,1.3979999999999997,1.0,0,2026-02-15 08:00:00+00:00
s-00253,2026-02-01 23:00:00+00:00,train,sensor-central,4.752,60.0,0.0,0,2,4.683,4.752,0.1379999999999999,1.0,0,2026-02-15 08:00:00+00:00
s-00252,2026-02-02 02:00:00+00:00,train,sensor-north,6.155,60.0,0.0,0,2,5.308,6.155,1.694,1.0,0,2026-02-15 08:00:00+00:00
s-00253,2026-02-02 02:00:00+00:00,train,sensor-central,4.315,120.0,0.0,0,1,4.315,4.315,,0.0,0,2026-02-15 08:00:00+00:00
s-00254,2026-02-02 02:00:00+00:00,train,sensor-coast,4.264,60.0,1.0,0,2,4.7235,5.183,-0.9189999999999996,1.0,0,2026-02-15 08:00:00+00:00
s-00253,2026-02-02 05:00:00+00:00,train,sensor-central,4.282,60.0,2.0,0,2,4.441,4.6,-0.3179999999999996,1.0,0,2026-02-15 08:00:00+00:00
s-00254,2026-02-02 05:00:00+00:00,train,sensor-coast,4.177,120.0,2.0,0,1,4.177,4.177,,0.0,0,2026-02-15 08:00:00+00:00
s-00255,2026-02-02 05:00:00+00:00,train,sensor-north,4.583,0.0,0.0,0,3,4.559666666666667,5.136,0.3115000000000001,2.0,0,2026-02-15 08:00:00+00:00
s-00254,2026-02-02 08:00:00+00:00,train,sensor-coast,4.341,60.0,35.0,0,2,4.73,5.119,-0.7779999999999996,1.0,0,2026-02-15 08:00:00+00:00
s-00255,2026-02-02 08:00:00+00:00,train,sensor-north,4.545,60.0,2.0,0,2,4.5280000000000005,4.545,0.03399999999999981,1.0,0,2026-02-15 08:00:00+00:00
s-00256,2026-02-02 08:00:00+00:00,train,sensor-central,5.437,0.0,0.0,0,2,5.1615,5.437,0.5510000000000002,1.0,0,2026-02-15 08:00:00+00:00
s-00255,2026-02-02 11:00:00+00:00,train,sensor-north,5.377,0.0,0.0,0,3,5.028666666666667,5.377,0.017999999999999794,2.0,0,2026-02-15 08:00:00+00:00
s-00256,2026-02-02 11:00:00+00:00,train,sensor-central,4.982,60.0,1.0,0,2,4.7085,4.982,0.5470000000000006,1.0,0,2026-02-15 08:00:00+00:00
s-00257,2026-02-02 11:00:00+00:00,train,sensor-coast,4.234,60.0,5.0,0,2,4.7395,5.245,-1.0110000000000001,1.0,0,2026-02-15 08:00:00+00:00
s-00256,2026-02-02 14:00:00+00:00,train,sensor-central,5.125,60.0,1.0,0,2,4.8115000000000006,5.125,0.6269999999999998,1.0,0,2026-02-15 08:00:00+00:00
s-00257,2026-02-02 14:00:00+00:00,train,sensor-coast,4.566,0.0,0.0,0,3,3.9443333333333332,4.566,0.1755,2.0,0,2026-02-15 08:00:00+00:00
s-00258,2026-02-02 14:00:00+00:00,train,sensor-north,4.915,60.0,0.0,0,1,4.915,4.915,,0.0,0,2026-02-15 08:00:00+00:00
s-00257,2026-02-02 17:00:00+00:00,train,sensor-coast,4.413,60.0,1.0,0,2,4.397,4.413,0.03200000000000003,1.0,0,2026-02-15 08:00:00+00:00
s-00258,2026-02-02 17:00:00+00:00,train,sensor-north,4.658,60.0,1.0,0,2,4.625,4.658,0.06600000000000072,1.0,0,2026-02-15 08:00:00+00:00
s-00259,2026-02-02 17:00:00+00:00,train,sensor-central,3.64,60.0,2.0,0,1,3.64,3.64,,0.0,0,2026-02-15 08:00:00+00:00
s-00258,2026-02-02 20:00:00+00:00,train,sensor-north,4.5,60.0,2.0,0,2,4.3025,4.5,0.3949999999999996,1.0,0,2026-02-15 08:00:00+00:00
s-00259,2026-02-02 20:00:00+00:00,train,sensor-central,4.083,120.0,35.0,0,1,4.083,4.083,,0.0,0,2026-02-15 08:00:00+00:00
s-00260,2026-02-02 20:00:00+00:00,train,sensor-coast,4.984,120.0,5.0,0,1,4.984,4.984,,0.0,0,2026-02-15 08:00:00+00:00
s-00259,2026-02-02 23:00:00+00:00,train,sensor-central,5.451,60.0,2.0,0,2,4.5385,5.451,1.8249999999999997,1.0,0,2026-02-15 08:00:00+00:00
s-00260,2026-02-02 23:00:00+00:00,train,sensor-coast,5.075,60.0,2.0,0,2,4.8975,5.075,0.3550000000000004,1.0,0,2026-02-15 08:00:00+00:00
s-00261,2026-02-02 23:00:00+00:00,train,sensor-north,3.216,60.0,1.0,0,2,3.613,4.01,-0.7939999999999996,1.0,0,2026-02-15 08:00:00+00:00
s-00260,2026-02-03 02:00:00+00:00,train,sensor-coast,5.695,60.0,35.0,0,2,5.8035,5.912,-0.21699999999999964,1.0,0,2026-02-15 08:00:00+00:00
s-00261,2026-02-03 02:00:00+00:00,train,sensor-north,3.973,60.0,2.0,0,1,3.973,3.973,,0.0,0,2026-02-15 08:00:00+00:00
s-00262,2026-02-03 02:00:00+00:00,train,sensor-central,5.295,0.0,0.0,0,1,5.295,5.295,,0.0,0,2026-02-15 08:00:00+00:00
s-00261,2026-02-03 05:00:00+00:00,train,sensor-north,5.069,60.0,35.0,0,1,5.069,5.069,,0.0,0,2026-02-15 08:00:00+00:00
s-00262,2026-02-03 05:00:00+00:00,train,sensor-central,4.7,60.0,35.0,0,1,4.7,4.7,,0.0,0,2026-02-15 08:00:00+00:00
s-00263,2026-02-03 05:00:00+00:00,train,sensor-coast,3.593,60.0,35.0,0,2,3.636,3.679,-0.08599999999999985,1.0,0,2026-02-15 08:00:00+00:00
s-00262,2026-02-03 08:00:00+00:00,train,sensor-central,8.947,0.0,0.0,0,3,7.804666666666666,8.947,1.1559999999999997,2.0,1,2026-02-15 08:00:00+00:00
s-00263,2026-02-03 08:00:00+00:00,train,sensor-coast,4.897,60.0,1.0,0,2,4.4835,4.897,0.827,1.0,0,2026-02-15 08:00:00+00:00
s-00264,2026-02-03 08:00:00+00:00,train,sensor-north,5.122,60.0,1.0,0,2,4.8965,5.122,0.4509999999999996,1.0,0,2026-02-15 08:00:00+00:00
s-00263,2026-02-03 11:00:00+00:00,train,sensor-coast,4.631,60.0,1.0,0,2,4.9335,5.236,-0.6049999999999995,1.0,0,2026-02-15 08:00:00+00:00
s-00264,2026-02-03 11:00:00+00:00,train,sensor-north,4.697,0.0,0.0,0,2,4.3415,4.697,0.7109999999999999,1.0,0,2026-02-15 08:00:00+00:00
s-00265,2026-02-03 11:00:00+00:00,train,sensor-central,5.138,60.0,2.0,0,2,5.0225,5.138,0.23099999999999987,1.0,0,2026-02-15 08:00:00+00:00
s-00264,2026-02-03 14:00:00+00:00,train,sensor-north,4.521,60.0,0.0,0,1,4.521,4.521,,0.0,0,2026-02-15 08:00:00+00:00
s-00265,2026-02-03 14:00:00+00:00,train,sensor-central,5.159,60.0,1.0,0,2,4.66,5.159,0.9980000000000002,1.0,0,2026-02-15 08:00:00+00:00
s-00266,2026-02-03 14:00:00+00:00,train,sensor-coast,4.59,0.0,0.0,0,2,4.464,4.59,0.2519999999999998,1.0,0,2026-02-15 08:00:00+00:00
s-00265,2026-02-03 17:00:00+00:00,train,sensor-central,5.624,60.0,1.0,0,2,5.036,5.624,1.1759999999999993,1.0,0,2026-02-15 08:00:00+00:00
s-00266,2026-02-03 17:00:00+00:00,train,sensor-coast,6.237,60.0,0.0,0,2,5.5489999999999995,6.237,1.3760000000000003,1.0,0,2026-02-15 08:00:00+00:00
s-00267,2026-02-03 17:00:00+00:00,train,sensor-north,4.967,120.0,5.0,0,1,4.967,4.967,,0.0,0,2026-02-15 08:00:00+00:00
s-00266,2026-02-03 20:00:00+00:00,train,sensor-coast,8.753,60.0,0.0,0,2,7.837,8.753,1.8319999999999999,1.0,1,2026-02-15 08:00:00+00:00
s-00267,2026-02-03 20:00:00+00:00,train,sensor-north,3.828,120.0,5.0,0,1,3.828,3.828,,0.0,0,2026-02-15 08:00:00+00:00
s-00268,2026-02-03 20:00:00+00:00,train,sensor-central,5.021,0.0,0.0,0,3,4.49,5.021,0.3835000000000002,2.0,0,2026-02-15 08:00:00+00:00
s-00267,2026-02-03 23:00:00+00:00,train,sensor-north,5.409,60.0,2.0,0,2,5.0435,5.409,0.7309999999999999,1.0,0,2026-02-15 08:00:00+00:00
s-00268,2026-02-03 23:00:00+00:00,train,sensor-central,5.113,60.0,2.0,0,2,4.7655,5.113,0.6950000000000003,1.0,0,2026-02-15 08:00:00+00:00
s-00269,2026-02-03 23:00:00+00:00,train,sensor-coast,5.082,60.0,1.0,0,2,4.4094999999999995,5.082,1.3449999999999998,1.0,0,2026-02-15 08:00:00+00:00
s-00268,2026-02-04 02:00:00+00:00,train,sensor-central,7.221,60.0,2.0,0,2,7.657,8.093,-0.8719999999999999,1.0,1,2026-02-15 08:00:00+00:00
s-00269,2026-02-04 02:00:00+00:00,train,sensor-coast,4.698,0.0,0.0,0,2,4.4455,4.698,0.2525000000000004,2.0,0,2026-02-15 08:00:00+00:00
s-00270,2026-02-04 02:00:00+00:00,train,sensor-north,4.089,0.0,0.0,0,3,4.389666666666667,4.834,-0.3724999999999996,2.0,0,2026-02-15 08:00:00+00:00
s-00269,2026-02-04 05:00:00+00:00,train,sensor-coast,4.995,60.0,0.0,0,1,4.995,4.995,,0.0,0,2026-02-15 08:00:00+00:00
s-00270,2026-02-04 05:00:00+00:00,train,sensor-north,4.769,60.0,2.0,0,2,4.7385,4.769,0.06099999999999994,1.0,0,2026-02-15 08:00:00+00:00
s-00271,2026-02-04 05:00:00+00:00,train,sensor-central,4.23,60.0,35.0,0,2,3.8345000000000002,4.23,0.7910000000000004,1.0,0,2026-02-15 08:00:00+00:00
s-00270,2026-02-04 08:00:00+00:00,train,sensor-north,3.633,60.0,0.0,0,2,4.178,4.723,-1.0899999999999999,1.0,0,2026-02-15 08:00:00+00:00
s-00271,2026-02-04 08:00:00+00:00,train,sensor-central,4.371,180.0,5.0,0,0,,,,,0,2026-02-15 08:00:00+00:00
s-00272,2026-02-04 08:00:00+00:00,train,sensor-coast,5.305,60.0,0.0,0,1,5.305,5.305,,0.0,0,2026-02-15 08:00:00+00:00
s-00271,2026-02-04 11:00:00+00:00,train,sensor-central,4.973,60.0,2.0,0,2,5.077,5.181,-0.20800000000000018,1.0,0,2026-02-15 08:00:00+00:00
s-00272,2026-02-04 11:00:00+00:00,train,sensor-coast,5.104,60.0,35.0,0,2,4.429,5.104,1.35,1.0,0,2026-02-15 08:00:00+00:00
s-00273,2026-02-04 11:00:00+00:00,train,sensor-north,3.453,120.0,5.0,0,1,3.453,3.453,,0.0,0,2026-02-15 08:00:00+00:00
s-00272,2026-02-04 14:00:00+00:00,train,sensor-coast,6.097,180.0,2.0,0,0,,,,,1,2026-02-15 08:00:00+00:00
s-00273,2026-02-04 14:00:00+00:00,train,sensor-north,5.338,60.0,2.0,0,2,4.2815,5.338,2.113,1.0,0,2026-02-15 08:00:00+00:00
s-00274,2026-02-04 14:00:00+00:00,train,sensor-central,2.877,60.0,35.0,0,2,3.2744999999999997,3.672,-0.7950000000000004,1.0,0,2026-02-15 08:00:00+00:00
s-00273,2026-02-04 17:00:00+00:00,train,sensor-north,4.614,60.0,1.0,0,2,5.0600000000000005,5.506,-0.8920000000000003,1.0,0,2026-02-15 08:00:00+00:00
s-00274,2026-02-04 17:00:00+00:00,train,sensor-central,4.741,60.0,0.0,0,2,4.448499999999999,4.741,0.585,1.0,0,2026-02-15 08:00:00+00:00
s-00275,2026-02-04 17:00:00+00:00,train,sensor-coast,4.016,120.0,1.0,0,1,4.016,4.016,,0.0,0,2026-02-15 08:00:00+00:00
s-00274,2026-02-04 20:00:00+00:00,train,sensor-central,4.319,60.0,2.0,0,1,4.319,4.319,,0.0,0,2026-02-15 08:00:00+00:00
s-00275,2026-02-04 20:00:00+00:00,train,sensor-coast,4.465,60.0,2.0,0,2,4.111,4.465,0.7079999999999997,1.0,0,2026-02-15 08:00:00+00:00
s-00276,2026-02-04 20:00:00+00:00,train,sensor-north,4.471,60.0,0.0,0,2,4.746,5.021,-0.5499999999999998,1.0,0,2026-02-15 08:00:00+00:00
s-00275,2026-02-04 23:00:00+00:00,train,sensor-coast,4.259,60.0,1.0,0,2,4.5015,4.744,-0.48499999999999943,1.0,0,2026-02-15 08:00:00+00:00
s-00276,2026-02-04 23:00:00+00:00,train,sensor-north,2.946,120.0,5.0,0,1,2.946,2.946,,0.0,0,2026-02-15 08:00:00+00:00
s-00277,2026-02-04 23:00:00+00:00,train,sensor-central,3.852,60.0,0.0,0,2,4.334,4.816,-0.964,1.0,0,2026-02-15 08:00:00+00:00
s-00276,2026-02-05 02:00:00+00:00,train,sensor-north,6.639,60.0,2.0,0,2,6.0755,6.639,1.1270000000000007,1.0,0,2026-02-15 08:00:00+00:00
s-00277,2026-02-05 02:00:00+00:00,train,sensor-central,5.114,0.0,0.0,0,3,4.911,5.114,0.15450000000000008,2.0,0,2026-02-15 08:00:00+00:00
s-00278,2026-02-05 02:00:00+00:00,train,sensor-coast,4.146,120.0,0.0,0,1,4.146,4.146,,0.0,0,2026-02-15 08:00:00+00:00
s-00277,2026-02-05 05:00:00+00:00,train,sensor-central,5.381,60.0,2.0,0,1,5.381,5.381,,0.0,0,2026-02-15 08:00:00+00:00
s-00278,2026-02-05 05:00:00+00:00,train,sensor-coast,4.87,60.0,5.0,0,2,4.3705,4.87,0.9990000000000001,1.0,0,2026-02-15 08:00:00+00:00
s-00279,2026-02-05 05:00:00+00:00,train,sensor-north,4.178,60.0,35.0,0,2,4.692,5.206,-1.0280000000000005,1.0,0,2026-02-15 08:00:00+00:00
s-00278,2026-02-05 08:00:00+00:00,train,sensor-coast,5.376,0.0,0.0,0,3,5.030666666666667,5.376,0.41600000000000037,2.0,0,2026-02-15 08:00:00+00:00
s-00279,2026-02-05 08:00:00+00:00,train,sensor-north,4.114,120.0,0.0,0,1,4.114,4.114,,0.0,0,2026-02-15 08:00:00+00:00
s-00280,2026-02-05 08:00:00+00:00,train,sensor-central,4.004,120.0,1.0,0,1,4.004,4.004,,0.0,0,2026-02-15 08:00:00+00:00
s-00279,2026-02-05 11:00:00+00:00,train,sensor-north,5.071,0.0,0.0,0,3,5.194,5.364,-0.14650000000000007,2.0,0,2026-02-15 08:00:00+00:00
s-00280,2026-02-05 11:00:00+00:00,train,sensor-central,6.183,60.0,1.0,0,2,5.577999999999999,6.183,1.21,1.0,0,2026-02-15 08:00:00+00:00
s-00281,2026-02-05 11:00:00+00:00,train,sensor-coast,4.19,60.0,1.0,0,2,4.4435,4.697,-0.5069999999999997,1.0,0,2026-02-15 08:00:00+00:00
s-00280,2026-02-05 14:00:00+00:00,train,sensor-central,8.24,60.0,5.0,0,2,7.594,8.24,1.2919999999999998,1.0,1,2026-02-15 08:00:00+00:00
s-00281,2026-02-05 14:00:00+00:00,train,sensor-coast,4.462,60.0,0.0,0,2,4.7835,5.105,-0.6430000000000007,1.0,0,2026-02-15 08:00:00+00:00
s-00282,2026-02-05 14:00:00+00:00,train,sensor-north,5.354,120.0,2.0,0,1,5.354,5.354,,0.0,0,2026-02-15 08:00:00+00:00
s-00281,2026-02-05 17:00:00+00:00,train,sensor-coast,5.011,0.0,0.0,0,3,4.959666666666667,5.078,0.11050000000000004,2.0,0,2026-02-15 08:00:00+00:00
s-00282,2026-02-05 17:00:00+00:00,train,sensor-north,4.553,60.0,35.0,0,2,4.1259999999999994,4.553,0.8540000000000001,1.0,0,2026-02-15 08:00:00+00:00
s-00283,2026-02-05 17:00:00+00:00,train,sensor-central,4.425,60.0,1.0,0,2,4.5415,4.658,-0.23300000000000054,1.0,0,2026-02-15 08:00:00+00:00
s-00282,2026-02-05 20:00:00+00:00,train,sensor-north,4.589,60.0,5.0,0,2,4.3395,4.589,0.49900000000000055,1.0,0,2026-02-15 08:00:00+00:00
s-00283,2026-02-05 20:00:00+00:00,train,sensor-central,5.604,60.0,2.0,0,2,4.7065,5.604,1.795,1.0,0,2026-02-15 08:00:00+00:00
s-00284,2026-02-05 20:00:00+00:00,train,sensor-coast,4.829,60.0,35.0,0,2,4.5245,4.829,0.609,1.0,0,2026-02-15 08:00:00+00:00
s-00283,2026-02-05 23:00:00+00:00,train,sensor-central,5.817,60.0,2.0,0,1,5.817,5.817,,0.0,0,2026-02-15 08:00:00+00:00
s-00284,2026-02-05 23:00:00+00:00,train,sensor-coast,6.126,0.0,0.0,0,3,5.3196666666666665,6.126,0.7735000000000003,2.0,0,2026-02-15 08:00:00+00:00
s-00285,2026-02-05 23:00:00+00:00,train,sensor-north,4.087,60.0,2.0,0,2,4.1579999999999995,4.229,-0.14200000000000035,1.0,0,2026-02-15 08:00:00+00:00
s-00284,2026-02-06 02:00:00+00:00,train,sensor-coast,8.209,60.0,2.0,0,1,8.209,8.209,,0.0,1,2026-02-15 08:00:00+00:00
s-00285,2026-02-06 02:00:00+00:00,train,sensor-north,5.138,60.0,35.0,0,1,5.138,5.138,,0.0,0,2026-02-15 08:00:00+00:00
s-00286,2026-02-06 02:00:00+00:00,train,sensor-central,4.298,60.0,5.0,0,2,4.402,4.506,-0.20800000000000018,1.0,0,2026-02-15 08:00:00+00:00
s-00285,2026-02-06 05:00:00+00:00,train,sensor-north,4.401,120.0,5.0,0,1,4.401,4.401,,0.0,0,2026-02-15 08:00:00+00:00
s-00286,2026-02-06 05:00:00+00:00,train,sensor-central,4.784,60.0,0.0,0,2,4.8004999999999995,4.817,-0.03300000000000036,1.0,0,2026-02-15 08:00:00+00:00
s-00287,2026-02-06 05:00:00+00:00,train,sensor-coast,3.749,0.0,0.0,0,2,4.0135,4.278,-0.5289999999999995,1.0,0,2026-02-15 08:00:00+00:00
s-00286,2026-02-06 08:00:00+00:00,train,sensor-central,5.493,0.0,0.0,0,3,4.837666666666667,5.493,0.2915000000000001,2.0,0,2026-02-15 08:00:00+00:00
s-00287,2026-02-06 08:00:00+00:00,train,sensor-coast,5.477,60.0,1.0,0,2,5.174,5.477,0.6059999999999999,1.0,0,2026-02-15 08:00:00+00:00
s-00288,2026-02-06 08:00:00+00:00,train,sensor-north,3.682,0.0,0.0,0,3,4.660666666666667,5.698,-1.0080000000000002,2.0,0,2026-02-15 08:00:00+00:00
s-00287,2026-02-06 11:00:00+00:00,train,sensor-coast,8.516,60.0,2.0,0,2,8.067,8.516,0.8979999999999997,1.0,1,2026-02-15 08:00:00+00:00
s-00288,2026-02-06 11:00:00+00:00,train,sensor-north,5.253,60.0,1.0,0,2,4.8045,5.253,0.8970000000000002,1.0,0,2026-02-15 08:00:00+00:00
s-00289,2026-02-06 11:00:00+00:00,train,sensor-central,4.764,60.0,2.0,0,2,4.164,4.764,1.2000000000000002,1.0,0,2026-02-15 08:00:00+00:00
s-00288,2026-02-06 14:00:00+00:00,train,sensor-north,7.851,60.0,2.0,0,1,7.851,7.851,,0.0,1,2026-02-15 08:00:00+00:00
s-00289,2026-02-06 14:00:00+00:00,train,sensor-central,4.204,60.0,0.0,0,2,4.3055,4.407,-0.2030000000000003,1.0,0,2026-02-15 08:00:00+00:00
s-00290,2026-02-06 14:00:00+00:00,train,sensor-coast,3.442,60.0,5.0,0,2,4.195,4.948,-1.5060000000000002,1.0,0,2026-02-15 08:00:00+00:00
s-00289,2026-02-06 17:00:00+00:00,train,sensor-central,4.5,60.0,2.0,0,1,4.5,4.5,,0.0,0,2026-02-15 08:00:00+00:00
s-00290,2026-02-06 17:00:00+00:00,train,sensor-coast,3.759,60.0,2.0,0,2,4.1995,4.64,-0.8809999999999998,1.0,0,2026-02-15 08:00:00+00:00
s-00291,2026-02-06 17:00:00+00:00,train,sensor-north,3.596,0.0,0.0,0,3,4.242666666666667,4.807,-0.6055000000000001,2.0,0,2026-02-15 08:00:00+00:00
s-00290,2026-02-06 20:00:00+00:00,train,sensor-coast,4.722,60.0,2.0,0,2,5.2955000000000005,5.869,-1.1469999999999994,1.0,0,2026-02-15 08:00:00+00:00
s-00291,2026-02-06 20:00:00+00:00,train,sensor-north,5.218,60.0,0.0,0,1,5.218,5.218,,0.0,0,2026-02-15 08:00:00+00:00
s-00292,2026-02-06 20:00:00+00:00,train,sensor-central,3.453,0.0,0.0,0,2,3.8549999999999995,4.257,-0.4019999999999999,2.0,0,2026-02-15 08:00:00+00:00
s-00291,2026-02-06 23:00:00+00:00,train,sensor-north,5.577,120.0,35.0,0,1,5.577,5.577,,0.0,0,2026-02-15 08:00:00+00:00
s-00292,2026-02-06 23:00:00+00:00,train,sensor-central,5.178,60.0,0.0,0,2,5.0015,5.178,0.35299999999999976,1.0,0,2026-02-15 08:00:00+00:00
s-00293,2026-02-06 23:00:00+00:00,train,sensor-coast,3.982,60.0,1.0,0,2,4.522,5.062,-1.08,1.0,0,2026-02-15 08:00:00+00:00
s-00292,2026-02-07 02:00:00+00:00,train,sensor-central,5.132,60.0,0.0,0,2,4.8635,5.132,0.5369999999999999,1.0,0,2026-02-15 08:00:00+00:00
s-00293,2026-02-07 02:00:00+00:00,train,sensor-coast,4.729,60.0,1.0,0,2,4.805,4.881,-0.15200000000000014,1.0,0,2026-02-15 08:00:00+00:00
s-00294,2026-02-07 02:00:00+00:00,train,sensor-north,4.303,60.0,0.0,0,2,3.7584999999999997,4.303,1.089,1.0,0,2026-02-15 08:00:00+00:00
s-00293,2026-02-07 05:00:00+00:00,train,sensor-coast,5.124,60.0,0.0,0,2,4.5665,5.124,1.1149999999999993,1.0,0,2026-02-15 08:00:00+00:00
s-00294,2026-02-07 05:00:00+00:00,train,sensor-north,4.88,0.0,0.0,0,2,4.877,4.88,0.006000000000000227,1.0,0,2026-02-15 08:00:00+00:00
s-00295,2026-02-07 05:00:00+00:00,train,sensor-central,3.69,120.0,1.0,0,1,3.69,3.69,,0.0,0,2026-02-15 08:00:00+00:00
s-00294,2026-02-07 08:00:00+00:00,train,sensor-north,4.526,60.0,2.0,0,2,4.1605,4.526,0.7309999999999999,1.0,0,2026-02-15 08:00:00+00:00
s-00295,2026-02-07 08:00:00+00:00,train,sensor-central,4.802,0.0,0.0,0,2,5.2265,5.651,-0.8490000000000002,1.0,0,2026-02-15 08:00:00+00:00
s-00296,2026-02-07 08:00:00+00:00,train,sensor-coast,5.298,0.0,0.0,0,2,4.632,5.298,1.3319999999999999,1.0,0,2026-02-15 08:00:00+00:00
s-00295,2026-02-07 11:00:00+00:00,train,sensor-central,3.964,60.0,1.0,0,2,4.374,4.784,-0.8199999999999998,1.0,0,2026-02-15 08:00:00+00:00
s-00296,2026-02-07 11:00:00+00:00,train,sensor-coast,5.166,60.0,2.0,0,2,4.929,5.166,0.4740000000000002,1.0,1,2026-02-15 08:00:00+00:00
s-00297,2026-02-07 11:00:00+00:00,train,sensor-north,4.829,0.0,0.0,0,3,4.544666666666667,4.829,0.30749999999999966,2.0,0,2026-02-15 08:00:00+00:00
s-00296,2026-02-07 14:00:00+00:00,train,sensor-coast,9.375,60.0,0.0,0,2,8.3325,9.375,2.085,1.0,1,2026-02-15 08:00:00+00:00
s-00297,2026-02-07 14:00:00+00:00,train,sensor-north,4.829,180.0,0.0,0,0,,,,,0,2026-02-15 08:00:00+00:00
s-00298,2026-02-07 14:00:00+00:00,train,sensor-central,4.627,60.0,2.0,0,1,4.627,4.627,,0.0,0,2026-02-15 08:00:00+00:00
s-00297,2026-02-07 17:00:00+00:00,train,sensor-north,5.514,120.0,5.0,0,1,5.514,5.514,,0.0,0,2026-02-15 08:00:00+00:00
s-00298,2026-02-07 17:00:00+00:00,train,sensor-central,5.216,60.0,1.0,0,2,4.621,5.216,1.1900000000000004,1.0,0,2026-02-15 08:00:00+00:00
s-00299,2026-02-07 17:00:00+00:00,train,sensor-coast,3.951,60.0,35.0,0,2,4.196,4.441,-0.48999999999999977,1.0,0,2026-02-15 08:00:00+00:00
s-00298,2026-02-07 20:00:00+00:00,train,sensor-central,5.503,60.0,2.0,0,2,4.895,5.503,1.2160000000000002,1.0,0,2026-02-15 08:00:00+00:00
s-00299,2026-02-07 20:00:00+00:00,train,sensor-coast,3.91,0.0,0.0,0,3,4.315,4.662,-0.23150000000000004,2.0,0,2026-02-15 08:00:00+00:00
s-00300,2026-02-07 20:00:00+00:00,train,sensor-north,4.33,60.0,2.0,0,2,4.6695,5.009,-0.6790000000000003,1.0,0,2026-02-15 08:00:00+00:00
s-00299,2026-02-07 23:00:00+00:00,train,sensor-coast,5.635,60.0,2.0,0,2,5.5425,5.635,0.1849999999999996,1.0,0,2026-02-15 08:00:00+00:00
s-00300,2026-02-07 23:00:00+00:00,train,sensor-north,5.858,60.0,5.0,0,2,4.7285,5.858,2.2589999999999995,1.0,0,2026-02-15 08:00:00+00:00
s-00301,2026-02-07 23:00:00+00:00,train,sensor-central,4.606,60.0,5.0,0,2,4.1665,4.606,0.879,1.0,0,2026-02-15 08:00:00+00:00
s-00300,2026-02-08 02:00:00+00:00,train,sensor-north,9.286,0.0,0.0,0,3,8.543666666666667,9.286,0.7599999999999998,2.0,1,2026-02-15 08:00:00+00:00
s-00301,2026-02-08 02:00:00+00:00,train,sensor-central,5.13,60.0,0.0,0,2,4.895,5.13,0.46999999999999975,1.0,0,2026-02-15 08:00:00+00:00
s-00302,2026-02-08 02:00:00+00:00,train,sensor-coast,5.201,120.0,0.0,0,1,5.201,5.201,,0.0,0,2026-02-15 08:00:00+00:00
s-00301,2026-02-08 05:00:00+00:00,train,sensor-central,4.352,60.0,1.0,0,2,4.537000000000001,4.722,-0.3700000000000001,1.0,0,2026-02-15 08:00:00+00:00
s-00302,2026-02-08 05:00:00+00:00,train,sensor-coast,4.279,120.0,2.0,0,1,4.279,4.279,,0.0,0,2026-02-15 08:00:00+00:00
s-00303,2026-02-08 05:00:00+00:00,train,sensor-north,4.832,60.0,35.0,0,2,4.5065,4.832,0.6509999999999998,1.0,0,2026-02-15 08:00:00+00:00
s-00302,2026-02-08 08:00:00+00:00,train,sensor-coast,8.605,60.0,35.0,0,2,7.9015,8.605,1.407,1.0,1,2026-02-15 08:00:00+00:00
s-00303,2026-02-08 08:00:00+00:00,train,sensor-north,4.87,60.0,0.0,0,2,4.6905,4.87,0.359,1.0,0,2026-02-15 08:00:00+00:00
s-00304,2026-02-08 08:00:00+00:00,train,sensor-central,4.215,60.0,5.0,0,1,4.215,4.215,,0.0,0,2026-02-15 08:00:00+00:00
s-00303,2026-02-08 11:00:00+00:00,train,sensor-north,5.367,120.0,2.0,0,1,5.367,5.367,,0.0,0,2026-02-15 08:00:00+00:00
s-00304,2026-02-08 11:00:00+00:00,train,sensor-central,4.668,60.0,0.0,0,1,4.668,4.668,,0.0,0,2026-02-15 08:00:00+00:00
s-00305,2026-02-08 11:00:00+00:00,train,sensor-coast,4.692,60.0,1.0,0,2,4.2855,4.692,0.8130000000000002,1.0,0,2026-02-15 08:00:00+00:00
s-00304,2026-02-08 14:00:00+00:00,train,sensor-central,5.309,60.0,1.0,0,2,5.053,5.309,0.5120000000000005,1.0,0,2026-02-15 08:00:00+00:00
s-00305,2026-02-08 14:00:00+00:00,train,sensor-coast,4.711,0.0,0.0,0,3,4.470666666666666,4.711,0.12150000000000016,2.0,0,2026-02-15 08:00:00+00:00
s-00306,2026-02-08 14:00:00+00:00,train,sensor-north,4.292,60.0,0.0,0,2,4.2825,4.292,0.019000000000000128,1.0,0,2026-02-15 08:00:00+00:00
s-00305,2026-02-08 17:00:00+00:00,train,sensor-coast,5.437,60.0,35.0,0,2,5.273,5.437,0.3280000000000003,1.0,0,2026-02-15 08:00:00+00:00
s-00306,2026-02-08 17:00:00+00:00,train,sensor-north,4.553,60.0,1.0,0,2,4.3015,4.553,0.5030000000000001,1.0,0,2026-02-15 08:00:00+00:00
s-00307,2026-02-08 17:00:00+00:00,train,sensor-central,4.048,120.0,1.0,0,1,4.048,4.048,,0.0,0,2026-02-15 08:00:00+00:00
s-00306,2026-02-08 20:00:00+00:00,train,sensor-north,5.335,60.0,5.0,0,2,5.079000000000001,5.335,0.5119999999999996,1.0,0,2026-02-15 08:00:00+00:00
s-00307,2026-02-08 20:00:00+00:00,train,sensor-central,4.585,60.0,5.0,0,2,4.1405,4.585,0.8889999999999998,1.0,0,2026-02-15 08:00:00+00:00
s-00308,2026-02-08 20:00:00+00:00,train,sensor-coast,4.09,60.0,35.0,0,2,4.6875,5.285,-1.1950000000000003,1.0,0,2026-02-15 08:00:00+00:00
s-00307,2026-02-08 23:00:00+00:00,train,sensor-central,4.511,60.0,0.0,0,2,4.7675,5.024,-0.5129999999999999,1.0,0,2026-02-15 08:00:00+00:00
s-00308,2026-02-08 23:00:00+00:00,train,sensor-coast,4.552,0.0,0.0,0,3,4.575333333333333,4.64,-0.04400000000000004,2.0,0,2026-02-15 08:00:00+00:00
s-00309,2026-02-08 23:00:00+00:00,train,sensor-north,4.231,60.0,35.0,0,2,4.3885000000000005,4.546,-0.3150000000000004,1.0,0,2026-02-15 08:00:00+00:00
s-00308,2026-02-09 02:00:00+00:00,train,sensor-coast,4.398,120.0,35.0,0,1,4.398,4.398,,0.0,0,2026-02-15 08:00:00+00:00
s-00309,2026-02-09 02:00:00+00:00,train,sensor-north,4.933,60.0,1.0,0,2,4.538,4.933,0.79,1.0,0,2026-02-15 08:00:00+00:00
s-00310,2026-02-09 02:00:00+00:00,train,sensor-central,5.193,60.0,2.0,0,2,4.9625,5.193,0.4609999999999994,1.0,0,2026-02-15 08:00:00+00:00
s-00309,2026-02-09 05:00:00+00:00,train,sensor-north,4.765,0.0,0.0,0,2,4.643,4.765,0.24399999999999977,1.0,0,2026-02-15 08:00:00+00:00
s-00310,2026-02-09 05:00:00+00:00,train,sensor-central,4.903,60.0,1.0,0,2,4.727499999999999,4.903,0.351,1.0,0,2026-02-15 08:00:00+00:00
s-00311,2026-02-09 05:00:00+00:00,train,sensor-coast,4.364,60.0,5.0,0,2,4.5945,4.825,-0.4610000000000003,1.0,0,2026-02-15 08:00:00+00:00
s-00310,2026-02-09 08:00:00+00:00,train,sensor-central,4.793,60.0,35.0,0,2,4.9745,5.156,-0.36299999999999955,1.0,0,2026-02-15 08:00:00+00:00
s-00311,2026-02-09 08:00:00+00:00,train,sensor-coast,3.924,120.0,0.0,0,1,3.924,3.924,,0.0,0,2026-02-15 08:00:00+00:00
s-00312,2026-02-09 08:00:00+00:00,train,sensor-north,3.309,0.0,0.0,0,3,4.213,5.043,-0.867,2.0,0,2026-02-15 08:00:00+00:00
s-00311,2026-02-09 11:00:00+00:00,train,sensor-coast,8.82,60.0,1.0,0,2,8.0545,8.82,1.5310000000000006,1.0,1,2026-02-15 08:00:00+00:00
s-00312,2026-02-09 11:00:00+00:00,train,sensor-north,5.184,120.0,1.0,0,1,5.184,5.184,,0.0,0,2026-02-15 08:00:00+00:00
s-00313,2026-02-09 11:00:00+00:00,train,sensor-central,4.295,120.0,1.0,0,1,4.295,4.295,,0.0,0,2026-02-15 08:00:00+00:00
s-00312,2026-02-09 14:00:00+00:00,train,sensor-north,5.072,60.0,35.0,0,2,4.6055,5.072,0.9329999999999998,1.0,0,2026-02-15 08:00:00+00:00
s-00313,2026-02-09 14:00:00+00:00,train,sensor-central,4.324,60.0,1.0,0,2,4.1365,4.324,0.375,1.0,0,2026-02-15 08:00:00+00:00
s-00314,2026-02-09 14:00:00+00:00,train,sensor-coast,3.888,60.0,0.0,0,2,4.1965,4.505,-0.617,1.0,0,2026-02-15 08:00:00+00:00
s-00313,2026-02-09 17:00:00+00:00,train,sensor-central,5.024,60.0,5.0,0,2,5.335,5.646,-0.6219999999999999,1.0,0,2026-02-15 08:00:00+00:00
s-00314,2026-02-09 17:00:00+00:00,train,sensor-coast,5.201,60.0,35.0,0,2,4.8004999999999995,5.201,0.8009999999999993,1.0,0,2026-02-15 08:00:00+00:00
s-00315,2026-02-09 17:00:00+00:00,train,sensor-north,4.384,120.0,1.0,0,1,4.384,4.384,,0.0,0,2026-02-15 08:00:00+00:00
s-00314,2026-02-09 20:00:00+00:00,train,sensor-coast,7.542,60.0,1.0,0,2,7.5655,7.589,-0.0470000000000006,1.0,1,2026-02-15 08:00:00+00:00
s-00315,2026-02-09 20:00:00+00:00,train,sensor-north,5.331,60.0,35.0,0,2,4.818,5.331,1.0260000000000007,1.0,0,2026-02-15 08:00:00+00:00
s-00316,2026-02-09 20:00:00+00:00,train,sensor-central,3.902,120.0,5.0,0,1,3.902,3.902,,0.0,0,2026-02-15 08:00:00+00:00
s-00315,2026-02-09 23:00:00+00:00,train,sensor-north,5.143,60.0,0.0,0,2,4.66,5.143,0.9660000000000002,1.0,0,2026-02-15 08:00:00+00:00
s-00316,2026-02-09 23:00:00+00:00,train,sensor-central,4.953,60.0,1.0,0,2,4.7945,4.953,0.31700000000000017,1.0,0,2026-02-15 08:00:00+00:00
s-00317,2026-02-09 23:00:00+00:00,train,sensor-coast,3.957,180.0,5.0,0,0,,,,,0,2026-02-15 08:00:00+00:00
s-00316,2026-02-10 02:00:00+00:00,train,sensor-central,4.717,60.0,0.0,0,2,4.895,5.073,-0.35600000000000076,1.0,0,2026-02-15 08:00:00+00:00
s-00317,2026-02-10 02:00:00+00:00,train,sensor-coast,4.722,60.0,5.0,0,1,4.722,4.722,,0.0,0,2026-02-15 08:00:00+00:00
s-00318,2026-02-10 02:00:00+00:00,train,sensor-north,5.276,60.0,2.0,0,2,5.368,5.46,-0.18400000000000016,1.0,0,2026-02-15 08:00:00+00:00
s-00317,2026-02-10 05:00:00+00:00,train,sensor-coast,4.012,60.0,1.0,0,2,4.1739999999999995,4.336,-0.32400000000000073,1.0,0,2026-02-15 08:00:00+00:00
s-00318,2026-02-10 05:00:00+00:00,train,sensor-north,4.735,60.0,35.0,0,2,4.693,4.735,0.08400000000000052,1.0,0,2026-02-15 08:00:00+00:00
s-00319,2026-02-10 05:00:00+00:00,train,sensor-central,4.191,120.0,1.0,0,1,4.191,4.191,,0.0,0,2026-02-15 08:00:00+00:00
s-00318,2026-02-10 08:00:00+00:00,train,sensor-north,5.237,60.0,35.0,0,2,5.1185,5.237,0.2370000000000001,1.0,0,2026-02-15 08:00:00+00:00
s-00319,2026-02-10 08:00:00+00:00,train,sensor-central,4.296,60.0,5.0,0,2,4.391500000000001,4.487,-0.19099999999999984,1.0,0,2026-02-15 08:00:00+00:00
s-00320,2026-02-10 08:00:00+00:00,train,sensor-coast,4.389,60.0,35.0,0,2,4.3294999999999995,4.389,0.11900000000000066,1.0,0,2026-02-15 08:00:00+00:00
s-00319,2026-02-10 11:00:00+00:00,train,sensor-central,5.101,120.0,5.0,0,1,5.101,5.101,,0.0,0,2026-02-15 08:00:00+00:00
s-00320,2026-02-10 11:00:00+00:00,train,sensor-coast,4.383,60.0,35.0,0,2,4.1815,4.383,0.403,1.0,0,2026-02-15 08:00:00+00:00
s-00321,2026-02-10 11:00:00+00:00,train,sensor-north,3.442,60.0,0.0,0,1,3.442,3.442,,0.0,0,2026-02-15 08:00:00+00:00
s-00320,2026-02-10 14:00:00+00:00,train,sensor-coast,5.218,60.0,35.0,0,1,5.218,5.218,,0.0,0,2026-02-15 08:00:00+00:00
s-00321,2026-02-10 14:00:00+00:00,train,sensor-north,4.788,0.0,0.0,0,2,4.6615,4.788,0.12650000000000006,2.0,0,2026-02-15 08:00:00+00:00
s-00322,2026-02-10 14:00:00+00:00,train,sensor-central,4.461,0.0,0.0,0,3,4.818666666666667,5.331,-0.1014999999999997,2.0,0,2026-02-15 08:00:00+00:00
s-00321,2026-02-10 17:00:00+00:00,train,sensor-north,5.334,60.0,35.0,0,1,5.334,5.334,,0.0,0,2026-02-15 08:00:00+00:00
s-00322,2026-02-10 17:00:00+00:00,train,sensor-central,3.719,120.0,0.0,0,1,3.719,3.719,,0.0,0,2026-02-15 08:00:00+00:00
s-00323,2026-02-10 17:00:00+00:00,train,sensor-coast,3.412,60.0,0.0,0,2,4.021,4.63,-1.218,1.0,0,2026-02-15 08:00:00+00:00
s-00322,2026-02-10 20:00:00+00:00,train,sensor-central,4.884,60.0,0.0,0,2,4.8055,4.884,0.15700000000000003,1.0,0,2026-02-15 08:00:00+00:00
s-00323,2026-02-10 20:00:00+00:00,train,sensor-coast,4.563,60.0,5.0,0,2,4.4935,4.563,0.13899999999999935,1.0,0,2026-02-15 08:00:00+00:00
s-00324,2026-02-10 20:00:00+00:00,train,sensor-north,4.495,60.0,35.0,0,2,4.5705,4.646,-0.1509999999999998,1.0,0,2026-02-15 08:00:00+00:00
s-00323,2026-02-10 23:00:00+00:00,train,sensor-coast,4.535,60.0,35.0,0,2,5.415,6.295,-1.7599999999999998,1.0,0,2026-02-15 08:00:00+00:00
s-00324,2026-02-10 23:00:00+00:00,train,sensor-north,5.34,60.0,2.0,0,2,4.5815,5.34,1.517,1.0,0,2026-02-15 08:00:00+00:00
s-00325,2026-02-10 23:00:00+00:00,train,sensor-central,4.448,60.0,0.0,0,2,4.5375,4.627,-0.17899999999999938,1.0,0,2026-02-15 08:00:00+00:00
s-00324,2026-02-11 02:00:00+00:00,train,sensor-north,4.653,60.0,0.0,0,2,4.824,4.995,-0.3420000000000005,1.0,0,2026-02-15 08:00:00+00:00
s-00325,2026-02-11 02:00:00+00:00,train,sensor-central,4.208,180.0,2.0,0,0,,,,,0,2026-02-15 08:00:00+00:00
s-00326,2026-02-11 02:00:00+00:00,train,sensor-coast,4.487,60.0,1.0,0,1,4.487,4.487,,0.0,0,2026-02-15 08:00:00+00:00
s-00325,2026-02-11 05:00:00+00:00,train,sensor-central,4.424,60.0,35.0,0,2,4.9045000000000005,5.385,-0.9609999999999994,1.0,0,2026-02-15 08:00:00+00:00
s-00326,2026-02-11 05:00:00+00:00,train,sensor-coast,4.89,60.0,35.0,0,2,4.7725,4.89,0.23499999999999943,1.0,0,2026-02-15 08:00:00+00:00
s-00327,2026-02-11 05:00:00+00:00,train,sensor-north,4.097,60.0,0.0,0,1,4.097,4.097,,0.0,0,2026-02-15 08:00:00+00:00
s-00326,2026-02-11 08:00:00+00:00,train,sensor-coast,8.338,60.0,2.0,0,2,7.907,8.338,0.8619999999999992,1.0,1,2026-02-15 08:00:00+00:00
s-00327,2026-02-11 08:00:00+00:00,train,sensor-north,3.938,60.0,35.0,0,2,4.543,5.148,-1.2099999999999995,1.0,0,2026-02-15 08:00:00+00:00
s-00328,2026-02-11 08:00:00+00:00,train,sensor-central,4.261,60.0,2.0,0,2,4.1115,4.261,0.29899999999999993,1.0,0,2026-02-15 08:00:00+00:00
s-00327,2026-02-11 11:00:00+00:00,train,sensor-north,4.646,0.0,0.0,0,3,5.302,6.137,-0.23850000000000016,2.0,0,2026-02-15 08:00:00+00:00
s-00328,2026-02-11 11:00:00+00:00,train,sensor-central,3.942,60.0,1.0,0,2,4.3795,4.817,-0.875,1.0,0,2026-02-15 08:00:00+00:00
s-00329,2026-02-11 11:00:00+00:00,train,sensor-coast,4.66,120.0,5.0,0,1,4.66,4.66,,0.0,0,2026-02-15 08:00:00+00:00
s-00328,2026-02-11 14:00:00+00:00,train,sensor-central,5.866,0.0,0.0,0,1,5.866,5.866,,0.0,0,2026-02-15 08:00:00+00:00
s-00329,2026-02-11 14:00:00+00:00,train,sensor-coast,4.724,60.0,35.0,0,2,4.3655,4.724,0.7170000000000005,1.0,0,2026-02-15 08:00:00+00:00
s-00330,2026-02-11 14:00:00+00:00,train,sensor-north,3.639,60.0,5.0,0,2,3.6675,3.696,-0.057000000000000384,1.0,0,2026-02-15 08:00:00+00:00
s-00329,2026-02-11 17:00:00+00:00,train,sensor-coast,9.26,60.0,35.0,0,2,8.4825,9.26,1.5549999999999997,1.0,1,2026-02-15 08:00:00+00:00
s-00330,2026-02-11 17:00:00+00:00,train,sensor-north,4.15,60.0,0.0,0,2,4.625,5.1,-0.9499999999999993,1.0,0,2026-02-15 08:00:00+00:00
s-00331,2026-02-11 17:00:00+00:00,train,sensor-central,4.754,60.0,1.0,0,2,4.585,4.754,0.3379999999999992,1.0,0,2026-02-15 08:00:00+00:00
s-00330,2026-02-11 20:00:00+00:00,train,sensor-north,4.89,60.0,0.0,0,1,4.89,4.89,,0.0,0,2026-02-15 08:00:00+00:00
s-00331,2026-02-11 20:00:00+00:00,train,sensor-central,5.315,60.0,2.0,0,2,4.423500000000001,5.315,1.7830000000000004,1.0,0,2026-02-15 08:00:00+00:00
s-00332,2026-02-11 20:00:00+00:00,train,sensor-coast,5.403,60.0,1.0,0,2,4.755,5.403,1.2959999999999994,1.0,0,2026-02-15 08:00:00+00:00
s-00331,2026-02-11 23:00:00+00:00,train,sensor-central,5.859,60.0,35.0,0,1,5.859,5.859,,0.0,0,2026-02-15 08:00:00+00:00
s-00332,2026-02-11 23:00:00+00:00,train,sensor-coast,4.692,60.0,35.0,0,2,4.466,4.692,0.45199999999999996,1.0,0,2026-02-15 08:00:00+00:00
s-00333,2026-02-11 23:00:00+00:00,train,sensor-north,3.422,60.0,0.0,0,2,3.5925000000000002,3.763,-0.34099999999999975,1.0,0,2026-02-15 08:00:00+00:00
s-00332,2026-02-12 02:00:00+00:00,train,sensor-coast,5.405,120.0,0.0,0,1,5.405,5.405,,0.0,0,2026-02-15 08:00:00+00:00
s-00333,2026-02-12 02:00:00+00:00,train,sensor-north,3.779,60.0,1.0,0,2,3.711,3.779,0.13600000000000012,1.0,0,2026-02-15 08:00:00+00:00
s-00334,2026-02-12 02:00:00+00:00,train,sensor-central,4.081,120.0,0.0,0,1,4.081,4.081,,0.0,0,2026-02-15 08:00:00+00:00
s-00333,2026-02-12 05:00:00+00:00,train,sensor-north,4.978,0.0,0.0,0,2,4.6195,4.978,0.3584999999999998,2.0,0,2026-02-15 08:00:00+00:00
s-00334,2026-02-12 05:00:00+00:00,train,sensor-central,4.428,0.0,0.0,0,3,4.730333333333333,5.6,-0.5859999999999999,2.0,0,2026-02-15 08:00:00+00:00
s-00335,2026-02-12 05:00:00+00:00,train,sensor-coast,5.09,0.0,0.0,0,3,4.360333333333333,5.09,0.516,2.0,0,2026-02-15 08:00:00+00:00
s-00334,2026-02-12 08:00:00+00:00,train,sensor-central,5.514,0.0,0.0,0,3,5.097333333333333,5.514,0.476,2.0,0,2026-02-15 08:00:00+00:00
s-00335,2026-02-12 08:00:00+00:00,train,sensor-coast,3.723,120.0,2.0,0,1,3.723,3.723,,0.0,0,2026-02-15 08:00:00+00:00
s-00336,2026-02-12 08:00:00+00:00,train,sensor-north,4.005,0.0,0.0,0,3,4.383333333333333,4.826,-0.41049999999999986,2.0,0,2026-02-15 08:00:00+00:00
s-00335,2026-02-12 11:00:00+00:00,train,sensor-coast,5.26,0.0,0.0,0,3,5.2540000000000004,5.565,-0.1525000000000003,2.0,0,2026-02-15 08:00:00+00:00
s-00336,2026-02-12 11:00:00+00:00,train,sensor-north,4.833,60.0,1.0,0,1,4.833,4.833,,0.0,0,2026-02-15 08:00:00+00:00
s-00337,2026-02-12 11:00:00+00:00,train,sensor-central,3.836,60.0,5.0,0,2,4.14,4.444,-0.6080000000000001,1.0,0,2026-02-15 08:00:00+00:00
s-00336,2026-02-12 14:00:00+00:00,train,sensor-north,4.285,120.0,2.0,0,1,4.285,4.285,,0.0,0,2026-02-15 08:00:00+00:00
s-00337,2026-02-12 14:00:00+00:00,train,sensor-central,4.589,60.0,1.0,0,2,4.252000000000001,4.589,0.6740000000000004,1.0,0,2026-02-15 08:00:00+00:00
s-00338,2026-02-12 14:00:00+00:00,train,sensor-coast,4.135,60.0,0.0,0,1,4.135,4.135,,0.0,0,2026-02-15 08:00:00+00:00
s-00337,2026-02-12 17:00:00+00:00,train,sensor-central,5.056,60.0,5.0,0,2,4.6975,5.056,0.7169999999999996,1.0,0,2026-02-15 08:00:00+00:00
s-00338,2026-02-12 17:00:00+00:00,train,sensor-coast,5.168,0.0,0.0,0,3,4.832,5.168,0.05500000000000016,2.0,0,2026-02-15 08:00:00+00:00
s-00339,2026-02-12 17:00:00+00:00,train,sensor-north,4.077,60.0,0.0,0,2,4.5405,5.004,-0.9269999999999996,1.0,0,2026-02-15 08:00:00+00:00
s-00338,2026-02-12 20:00:00+00:00,train,sensor-coast,6.117,60.0,2.0,0,2,5.737,6.117,0.7599999999999998,1.0,0,2026-02-15 08:00:00+00:00
s-00339,2026-02-12 20:00:00+00:00,train,sensor-north,5.38,60.0,5.0,0,2,5.1415,5.38,0.4770000000000003,1.0,0,2026-02-15 08:00:00+00:00
s-00340,2026-02-12 20:00:00+00:00,train,sensor-central,5.341,60.0,1.0,0,1,5.341,5.341,,0.0,0,2026-02-15 08:00:00+00:00
s-00339,2026-02-12 23:00:00+00:00,train,sensor-north,8.294,60.0,35.0,0,2,7.6995000000000005,8.294,1.189,1.0,1,2026-02-15 08:00:00+00:00
s-00340,2026-02-12 23:00:00+00:00,train,sensor-central,5.212,60.0,2.0,0,2,5.029,5.212,0.36599999999999966,1.0,0,2026-02-15 08:00:00+00:00
s-00341,2026-02-12 23:00:00+00:00,train,sensor-coast,5.351,60.0,1.0,0,2,4.949,5.351,0.8040000000000003,1.0,0,2026-02-15 08:00:00+00:00
s-00340,2026-02-13 02:00:00+00:00,train,sensor-central,8.447,60.0,1.0,0,2,7.834,8.447,1.225999999999999,1.0,1,2026-02-15 08:00:00+00:00
s-00341,2026-02-13 02:00:00+00:00,train,sensor-coast,4.671,60.0,1.0,0,2,5.011,5.351,-0.6799999999999997,1.0,0,2026-02-15 08:00:00+00:00
s-00342,2026-02-13 02:00:00+00:00,train,sensor-north,4.318,120.0,0.0,0,1,4.318,4.318,,0.0,0,2026-02-15 08:00:00+00:00
