file_row,decision_time,shipment_id,decision_time_utc
1,2026-01-01T08:00:00Z,s-00000,2026-01-01 08:00:00+00:00
2,2026-01-01T11:00:00Z,s-00000,2026-01-01 11:00:00+00:00
3,2026-01-01T14:00:00Z,s-00000,2026-01-01 14:00:00+00:00
4,2026-01-01T11:00:00Z,s-00001,2026-01-01 11:00:00+00:00
5,2026-01-01T14:00:00Z,s-00001,2026-01-01 14:00:00+00:00
6,2026-01-01T17:00:00Z,s-00001,2026-01-01 17:00:00+00:00
7,2026-01-01T14:00:00Z,s-00002,2026-01-01 14:00:00+00:00
8,2026-01-01T17:00:00Z,s-00002,2026-01-01 17:00:00+00:00
9,2026-01-01T20:00:00Z,s-00002,2026-01-01 20:00:00+00:00
10,2026-01-01T17:00:00Z,s-00003,2026-01-01 17:00:00+00:00
11,2026-01-01T20:00:00Z,s-00003,2026-01-01 20:00:00+00:00
12,2026-01-01T23:00:00Z,s-00003,2026-01-01 23:00:00+00:00
13,2026-01-01T20:00:00Z,s-00004,2026-01-01 20:00:00+00:00
14,2026-01-01T23:00:00Z,s-00004,2026-01-01 23:00:00+00:00
15,2026-01-02T02:00:00Z,s-00004,2026-01-02 02:00:00+00:00
16,2026-01-01T23:00:00Z,s-00005,2026-01-01 23:00:00+00:00
17,2026-01-02T02:00:00Z,s-00005,2026-01-02 02:00:00+00:00
18,2026-01-02T05:00:00Z,s-00005,2026-01-02 05:00:00+00:00
19,2026-01-02T02:00:00Z,s-00006,2026-01-02 02:00:00+00:00
20,2026-01-02T05:00:00Z,s-00006,2026-01-02 05:00:00+00:00
21,2026-01-02T08:00:00Z,s-00006,2026-01-02 08:00:00+00:00
22,2026-01-02T05:00:00Z,s-00007,2026-01-02 05:00:00+00:00
23,2026-01-02T08:00:00Z,s-00007,2026-01-02 08:00:00+00:00
24,2026-01-02T11:00:00Z,s-00007,2026-01-02 11:00:00+00:00
25,2026-01-02T08:00:00Z,s-00008,2026-01-02 08:00:00+00:00
26,2026-01-02T11:00:00Z,s-00008,2026-01-02 11:00:00+00:00
27,2026-01-02T14:00:00Z,s-00008,2026-01-02 14:00:00+00:00
28,2026-01-02T11:00:00Z,s-00009,2026-01-02 11:00:00+00:00
29,2026-01-02T14:00:00Z,s-00009,2026-01-02 14:00:00+00:00
30,2026-01-02T17:00:00Z,s-00009,2026-01-02 17:00:00+00:00
31,2026-01-02T14:00:00Z,s-00010,2026-01-02 14:00:00+00:00
32,2026-01-02T17:00:00Z,s-00010,2026-01-02 17:00:00+00:00
33,2026-01-02T20:00:00Z,s-00010,2026-01-02 20:00:00+00:00
34,2026-01-02T17:00:00Z,s-00011,2026-01-02 17:00:00+00:00
35,2026-01-02T20:00:00Z,s-00011,2026-01-02 20:00:00+00:00
36,2026-01-02T23:00:00Z,s-00011,2026-01-02 23:00:00+00:00
37,2026-01-02T20:00:00Z,s-00012,2026-01-02 20:00:00+00:00
38,2026-01-02T23:00:00Z,s-00012,2026-01-02 23:00:00+00:00
39,2026-01-03T02:00:00Z,s-00012,2026-01-03 02:00:00+00:00
40,2026-01-02T23:00:00Z,s-00013,2026-01-02 23:00:00+00:00
41,2026-01-03T02:00:00Z,s-00013,2026-01-03 02:00:00+00:00
42,2026-01-03T05:00:00Z,s-00013,2026-01-03 05:00:00+00:00
43,2026-01-03T02:00:00Z,s-00014,2026-01-03 02:00:00+00:00
44,2026-01-03T05:00:00Z,s-00014,2026-01-03 05:00:00+00:00
45,2026-01-03T08:00:00Z,s-00014,2026-01-03 08:00:00+00:00
46,2026-01-03T05:00:00Z,s-00015,2026-01-03 05:00:00+00:00
47,2026-01-03T08:00:00Z,s-00015,2026-01-03 08:00:00+00:00
48,2026-01-03T11:00:00Z,s-00015,2026-01-03 11:00:00+00:00
49,2026-01-03T08:00:00Z,s-00016,2026-01-03 08:00:00+00:00
50,2026-01-03T11:00:00Z,s-00016,2026-01-03 11:00:00+00:00
51,2026-01-03T14:00:00Z,s-00016,2026-01-03 14:00:00+00:00
52,2026-01-03T11:00:00Z,s-00017,2026-01-03 11:00:00+00:00
53,2026-01-03T14:00:00Z,s-00017,2026-01-03 14:00:00+00:00
54,2026-01-03T17:00:00Z,s-00017,2026-01-03 17:00:00+00:00
55,2026-01-03T14:00:00Z,s-00018,2026-01-03 14:00:00+00:00
56,2026-01-03T17:00:00Z,s-00018,2026-01-03 17:00:00+00:00
57,2026-01-03T20:00:00Z,s-00018,2026-01-03 20:00:00+00:00
58,2026-01-03T17:00:00Z,s-00019,2026-01-03 17:00:00+00:00
59,2026-01-03T20:00:00Z,s-00019,2026-01-03 20:00:00+00:00
60,2026-01-03T23:00:00Z,s-00019,2026-01-03 23:00:00+00:00
61,2026-01-03T20:00:00Z,s-00020,2026-01-03 20:00:00+00:00
62,2026-01-03T23:00:00Z,s-00020,2026-01-03 23:00:00+00:00
63,2026-01-04T02:00:00Z,s-00020,2026-01-04 02:00:00+00:00
64,2026-01-03T23:00:00Z,s-00021,2026-01-03 23:00:00+00:00
65,2026-01-04T02:00:00Z,s-00021,2026-01-04 02:00:00+00:00
66,2026-01-04T05:00:00Z,s-00021,2026-01-04 05:00:00+00:00
67,2026-01-04T02:00:00Z,s-00022,2026-01-04 02:00:00+00:00
68,2026-01-04T05:00:00Z,s-00022,2026-01-04 05:00:00+00:00
69,2026-01-04T08:00:00Z,s-00022,2026-01-04 08:00:00+00:00
70,2026-01-04T05:00:00Z,s-00023,2026-01-04 05:00:00+00:00
71,2026-01-04T08:00:00Z,s-00023,2026-01-04 08:00:00+00:00
72,2026-01-04T11:00:00Z,s-00023,2026-01-04 11:00:00+00:00
73,2026-01-04T08:00:00Z,s-00024,2026-01-04 08:00:00+00:00
74,2026-01-04T11:00:00Z,s-00024,2026-01-04 11:00:00+00:00
75,2026-01-04T14:00:00Z,s-00024,2026-01-04 14:00:00+00:00
76,2026-01-04T11:00:00Z,s-00025,2026-01-04 11:00:00+00:00
77,2026-01-04T14:00:00Z,s-00025,2026-01-04 14:00:00+00:00
78,2026-01-04T17:00:00Z,s-00025,2026-01-04 17:00:00+00:00
79,2026-01-04T14:00:00Z,s-00026,2026-01-04 14:00:00+00:00
80,2026-01-04T17:00:00Z,s-00026,2026-01-04 17:00:00+00:00
81,2026-01-04T20:00:00Z,s-00026,2026-01-04 20:00:00+00:00
82,2026-01-04T17:00:00Z,s-00027,2026-01-04 17:00:00+00:00
83,2026-01-04T20:00:00Z,s-00027,2026-01-04 20:00:00+00:00
84,2026-01-04T23:00:00Z,s-00027,2026-01-04 23:00:00+00:00
85,2026-01-04T20:00:00Z,s-00028,2026-01-04 20:00:00+00:00
86,2026-01-04T23:00:00Z,s-00028,2026-01-04 23:00:00+00:00
87,2026-01-05T02:00:00Z,s-00028,2026-01-05 02:00:00+00:00
88,2026-01-04T23:00:00Z,s-00029,2026-01-04 23:00:00+00:00
89,2026-01-05T02:00:00Z,s-00029,2026-01-05 02:00:00+00:00
90,2026-01-05T05:00:00Z,s-00029,2026-01-05 05:00:00+00:00
91,2026-01-05T02:00:00Z,s-00030,2026-01-05 02:00:00+00:00
92,2026-01-05T05:00:00Z,s-00030,2026-01-05 05:00:00+00:00
93,2026-01-05T08:00:00Z,s-00030,2026-01-05 08:00:00+00:00
94,2026-01-05T05:00:00Z,s-00031,2026-01-05 05:00:00+00:00
95,2026-01-05T08:00:00Z,s-00031,2026-01-05 08:00:00+00:00
96,2026-01-05T11:00:00Z,s-00031,2026-01-05 11:00:00+00:00
97,2026-01-05T08:00:00Z,s-00032,2026-01-05 08:00:00+00:00
98,2026-01-05T11:00:00Z,s-00032,2026-01-05 11:00:00+00:00
99,2026-01-05T14:00:00Z,s-00032,2026-01-05 14:00:00+00:00
100,2026-01-05T11:00:00Z,s-00033,2026-01-05 11:00:00+00:00
101,2026-01-05T14:00:00Z,s-00033,2026-01-05 14:00:00+00:00
102,2026-01-05T17:00:00Z,s-00033,2026-01-05 17:00:00+00:00
103,2026-01-05T14:00:00Z,s-00034,2026-01-05 14:00:00+00:00
104,2026-01-05T17:00:00Z,s-00034,2026-01-05 17:00:00+00:00
105,2026-01-05T20:00:00Z,s-00034,2026-01-05 20:00:00+00:00
106,2026-01-05T17:00:00Z,s-00035,2026-01-05 17:00:00+00:00
107,2026-01-05T20:00:00Z,s-00035,2026-01-05 20:00:00+00:00
108,2026-01-05T23:00:00Z,s-00035,2026-01-05 23:00:00+00:00
109,2026-01-05T20:00:00Z,s-00036,2026-01-05 20:00:00+00:00
110,2026-01-05T23:00:00Z,s-00036,2026-01-05 23:00:00+00:00
111,2026-01-06T02:00:00Z,s-00036,2026-01-06 02:00:00+00:00
112,2026-01-05T23:00:00Z,s-00037,2026-01-05 23:00:00+00:00
113,2026-01-06T02:00:00Z,s-00037,2026-01-06 02:00:00+00:00
114,2026-01-06T05:00:00Z,s-00037,2026-01-06 05:00:00+00:00
115,2026-01-06T02:00:00Z,s-00038,2026-01-06 02:00:00+00:00
116,2026-01-06T05:00:00Z,s-00038,2026-01-06 05:00:00+00:00
117,2026-01-06T08:00:00Z,s-00038,2026-01-06 08:00:00+00:00
118,2026-01-06T05:00:00Z,s-00039,2026-01-06 05:00:00+00:00
119,2026-01-06T08:00:00Z,s-00039,2026-01-06 08:00:00+00:00
120,2026-01-06T11:00:00Z,s-00039,2026-01-06 11:00:00+00:00
121,2026-01-06T08:00:00Z,s-00040,2026-01-06 08:00:00+00:00
122,2026-01-06T11:00:00Z,s-00040,2026-01-06 11:00:00+00:00
123,2026-01-06T14:00:00Z,s-00040,2026-01-06 14:00:00+00:00
124,2026-01-06T11:00:00Z,s-00041,2026-01-06 11:00:00+00:00
125,2026-01-06T14:00:00Z,s-00041,2026-01-06 14:00:00+00:00
126,2026-01-06T17:00:00Z,s-00041,2026-01-06 17:00:00+00:00
127,2026-01-06T14:00:00Z,s-00042,2026-01-06 14:00:00+00:00
128,2026-01-06T17:00:00Z,s-00042,2026-01-06 17:00:00+00:00
129,2026-01-06T20:00:00Z,s-00042,2026-01-06 20:00:00+00:00
130,2026-01-06T17:00:00Z,s-00043,2026-01-06 17:00:00+00:00
131,2026-01-06T20:00:00Z,s-00043,2026-01-06 20:00:00+00:00
132,2026-01-06T23:00:00Z,s-00043,2026-01-06 23:00:00+00:00
133,2026-01-06T20:00:00Z,s-00044,2026-01-06 20:00:00+00:00
134,2026-01-06T23:00:00Z,s-00044,2026-01-06 23:00:00+00:00
135,2026-01-07T02:00:00Z,s-00044,2026-01-07 02:00:00+00:00
136,2026-01-06T23:00:00Z,s-00045,2026-01-06 23:00:00+00:00
137,2026-01-07T02:00:00Z,s-00045,2026-01-07 02:00:00+00:00
138,2026-01-07T05:00:00Z,s-00045,2026-01-07 05:00:00+00:00
139,2026-01-07T02:00:00Z,s-00046,2026-01-07 02:00:00+00:00
140,2026-01-07T05:00:00Z,s-00046,2026-01-07 05:00:00+00:00
141,2026-01-07T08:00:00Z,s-00046,2026-01-07 08:00:00+00:00
142,2026-01-07T05:00:00Z,s-00047,2026-01-07 05:00:00+00:00
143,2026-01-07T08:00:00Z,s-00047,2026-01-07 08:00:00+00:00
144,2026-01-07T11:00:00Z,s-00047,2026-01-07 11:00:00+00:00
145,2026-01-07T08:00:00Z,s-00048,2026-01-07 08:00:00+00:00
146,2026-01-07T11:00:00Z,s-00048,2026-01-07 11:00:00+00:00
147,2026-01-07T14:00:00Z,s-00048,2026-01-07 14:00:00+00:00
148,2026-01-07T11:00:00Z,s-00049,2026-01-07 11:00:00+00:00
149,2026-01-07T14:00:00Z,s-00049,2026-01-07 14:00:00+00:00
150,2026-01-07T17:00:00Z,s-00049,2026-01-07 17:00:00+00:00
151,2026-01-07T14:00:00Z,s-00050,2026-01-07 14:00:00+00:00
152,2026-01-07T17:00:00Z,s-00050,2026-01-07 17:00:00+00:00
153,2026-01-07T20:00:00Z,s-00050,2026-01-07 20:00:00+00:00
154,2026-01-07T17:00:00Z,s-00051,2026-01-07 17:00:00+00:00
155,2026-01-07T20:00:00Z,s-00051,2026-01-07 20:00:00+00:00
156,2026-01-07T23:00:00Z,s-00051,2026-01-07 23:00:00+00:00
157,2026-01-07T20:00:00Z,s-00052,2026-01-07 20:00:00+00:00
158,2026-01-07T23:00:00Z,s-00052,2026-01-07 23:00:00+00:00
159,2026-01-08T02:00:00Z,s-00052,2026-01-08 02:00:00+00:00
160,2026-01-07T23:00:00Z,s-00053,2026-01-07 23:00:00+00:00
161,2026-01-08T02:00:00Z,s-00053,2026-01-08 02:00:00+00:00
162,2026-01-08T05:00:00Z,s-00053,2026-01-08 05:00:00+00:00
163,2026-01-08T02:00:00Z,s-00054,2026-01-08 02:00:00+00:00
164,2026-01-08T05:00:00Z,s-00054,2026-01-08 05:00:00+00:00
165,2026-01-08T08:00:00Z,s-00054,2026-01-08 08:00:00+00:00
166,2026-01-08T05:00:00Z,s-00055,2026-01-08 05:00:00+00:00
167,2026-01-08T08:00:00Z,s-00055,2026-01-08 08:00:00+00:00
168,2026-01-08T11:00:00Z,s-00055,2026-01-08 11:00:00+00:00
169,2026-01-08T08:00:00Z,s-00056,2026-01-08 08:00:00+00:00
170,2026-01-08T11:00:00Z,s-00056,2026-01-08 11:00:00+00:00
171,2026-01-08T14:00:00Z,s-00056,2026-01-08 14:00:00+00:00
172,2026-01-08T11:00:00Z,s-00057,2026-01-08 11:00:00+00:00
173,2026-01-08T14:00:00Z,s-00057,2026-01-08 14:00:00+00:00
174,2026-01-08T17:00:00Z,s-00057,2026-01-08 17:00:00+00:00
175,2026-01-08T14:00:00Z,s-00058,2026-01-08 14:00:00+00:00
176,2026-01-08T17:00:00Z,s-00058,2026-01-08 17:00:00+00:00
177,2026-01-08T20:00:00Z,s-00058,2026-01-08 20:00:00+00:00
178,2026-01-08T17:00:00Z,s-00059,2026-01-08 17:00:00+00:00
179,2026-01-08T20:00:00Z,s-00059,2026-01-08 20:00:00+00:00
180,2026-01-08T23:00:00Z,s-00059,2026-01-08 23:00:00+00:00
181,2026-01-08T20:00:00Z,s-00060,2026-01-08 20:00:00+00:00
182,2026-01-08T23:00:00Z,s-00060,2026-01-08 23:00:00+00:00
183,2026-01-09T02:00:00Z,s-00060,2026-01-09 02:00:00+00:00
184,2026-01-08T23:00:00Z,s-00061,2026-01-08 23:00:00+00:00
185,2026-01-09T02:00:00Z,s-00061,2026-01-09 02:00:00+00:00
186,2026-01-09T05:00:00Z,s-00061,2026-01-09 05:00:00+00:00
187,2026-01-09T02:00:00Z,s-00062,2026-01-09 02:00:00+00:00
188,2026-01-09T05:00:00Z,s-00062,2026-01-09 05:00:00+00:00
189,2026-01-09T08:00:00Z,s-00062,2026-01-09 08:00:00+00:00
190,2026-01-09T05:00:00Z,s-00063,2026-01-09 05:00:00+00:00
191,2026-01-09T08:00:00Z,s-00063,2026-01-09 08:00:00+00:00
192,2026-01-09T11:00:00Z,s-00063,2026-01-09 11:00:00+00:00
193,2026-01-09T08:00:00Z,s-00064,2026-01-09 08:00:00+00:00
194,2026-01-09T11:00:00Z,s-00064,2026-01-09 11:00:00+00:00
195,2026-01-09T14:00:00Z,s-00064,2026-01-09 14:00:00+00:00
196,2026-01-09T11:00:00Z,s-00065,2026-01-09 11:00:00+00:00
197,2026-01-09T14:00:00Z,s-00065,2026-01-09 14:00:00+00:00
198,2026-01-09T17:00:00Z,s-00065,2026-01-09 17:00:00+00:00
199,2026-01-09T14:00:00Z,s-00066,2026-01-09 14:00:00+00:00
200,2026-01-09T17:00:00Z,s-00066,2026-01-09 17:00:00+00:00
201,2026-01-09T20:00:00Z,s-00066,2026-01-09 20:00:00+00:00
202,2026-01-09T17:00:00Z,s-00067,2026-01-09 17:00:00+00:00
203,2026-01-09T20:00:00Z,s-00067,2026-01-09 20:00:00+00:00
204,2026-01-09T23:00:00Z,s-00067,2026-01-09 23:00:00+00:00
205,2026-01-09T20:00:00Z,s-00068,2026-01-09 20:00:00+00:00
206,2026-01-09T23:00:00Z,s-00068,2026-01-09 23:00:00+00:00
207,2026-01-10T02:00:00Z,s-00068,2026-01-10 02:00:00+00:00
208,2026-01-09T23:00:00Z,s-00069,2026-01-09 23:00:00+00:00
209,2026-01-10T02:00:00Z,s-00069,2026-01-10 02:00:00+00:00
210,2026-01-10T05:00:00Z,s-00069,2026-01-10 05:00:00+00:00
211,2026-01-10T02:00:00Z,s-00070,2026-01-10 02:00:00+00:00
212,2026-01-10T05:00:00Z,s-00070,2026-01-10 05:00:00+00:00
213,2026-01-10T08:00:00Z,s-00070,2026-01-10 08:00:00+00:00
214,2026-01-10T05:00:00Z,s-00071,2026-01-10 05:00:00+00:00
215,2026-01-10T08:00:00Z,s-00071,2026-01-10 08:00:00+00:00
216,2026-01-10T11:00:00Z,s-00071,2026-01-10 11:00:00+00:00
217,2026-01-10T08:00:00Z,s-00072,2026-01-10 08:00:00+00:00
218,2026-01-10T11:00:00Z,s-00072,2026-01-10 11:00:00+00:00
219,2026-01-10T14:00:00Z,s-00072,2026-01-10 14:00:00+00:00
220,2026-01-10T11:00:00Z,s-00073,2026-01-10 11:00:00+00:00
221,2026-01-10T14:00:00Z,s-00073,2026-01-10 14:00:00+00:00
222,2026-01-10T17:00:00Z,s-00073,2026-01-10 17:00:00+00:00
223,2026-01-10T14:00:00Z,s-00074,2026-01-10 14:00:00+00:00
224,2026-01-10T17:00:00Z,s-00074,2026-01-10 17:00:00+00:00
225,2026-01-10T20:00:00Z,s-00074,2026-01-10 20:00:00+00:00
226,2026-01-10T17:00:00Z,s-00075,2026-01-10 17:00:00+00:00
227,2026-01-10T20:00:00Z,s-00075,2026-01-10 20:00:00+00:00
228,2026-01-10T23:00:00Z,s-00075,2026-01-10 23:00:00+00:00
229,2026-01-10T20:00:00Z,s-00076,2026-01-10 20:00:00+00:00
230,2026-01-10T23:00:00Z,s-00076,2026-01-10 23:00:00+00:00
231,2026-01-11T02:00:00Z,s-00076,2026-01-11 02:00:00+00:00
232,2026-01-10T23:00:00Z,s-00077,2026-01-10 23:00:00+00:00
233,2026-01-11T02:00:00Z,s-00077,2026-01-11 02:00:00+00:00
234,2026-01-11T05:00:00Z,s-00077,2026-01-11 05:00:00+00:00
235,2026-01-11T02:00:00Z,s-00078,2026-01-11 02:00:00+00:00
236,2026-01-11T05:00:00Z,s-00078,2026-01-11 05:00:00+00:00
237,2026-01-11T08:00:00Z,s-00078,2026-01-11 08:00:00+00:00
238,2026-01-11T05:00:00Z,s-00079,2026-01-11 05:00:00+00:00
239,2026-01-11T08:00:00Z,s-00079,2026-01-11 08:00:00+00:00
240,2026-01-11T11:00:00Z,s-00079,2026-01-11 11:00:00+00:00
241,2026-01-11T08:00:00Z,s-00080,2026-01-11 08:00:00+00:00
242,2026-01-11T11:00:00Z,s-00080,2026-01-11 11:00:00+00:00
243,2026-01-11T14:00:00Z,s-00080,2026-01-11 14:00:00+00:00
244,2026-01-11T11:00:00Z,s-00081,2026-01-11 11:00:00+00:00
245,2026-01-11T14:00:00Z,s-00081,2026-01-11 14:00:00+00:00
246,2026-01-11T17:00:00Z,s-00081,2026-01-11 17:00:00+00:00
247,2026-01-11T14:00:00Z,s-00082,2026-01-11 14:00:00+00:00
248,2026-01-11T17:00:00Z,s-00082,2026-01-11 17:00:00+00:00
249,2026-01-11T20:00:00Z,s-00082,2026-01-11 20:00:00+00:00
250,2026-01-11T17:00:00Z,s-00083,2026-01-11 17:00:00+00:00
251,2026-01-11T20:00:00Z,s-00083,2026-01-11 20:00:00+00:00
252,2026-01-11T23:00:00Z,s-00083,2026-01-11 23:00:00+00:00
253,2026-01-11T20:00:00Z,s-00084,2026-01-11 20:00:00+00:00
254,2026-01-11T23:00:00Z,s-00084,2026-01-11 23:00:00+00:00
255,2026-01-12T02:00:00Z,s-00084,2026-01-12 02:00:00+00:00
256,2026-01-11T23:00:00Z,s-00085,2026-01-11 23:00:00+00:00
257,2026-01-12T02:00:00Z,s-00085,2026-01-12 02:00:00+00:00
258,2026-01-12T05:00:00Z,s-00085,2026-01-12 05:00:00+00:00
259,2026-01-12T02:00:00Z,s-00086,2026-01-12 02:00:00+00:00
260,2026-01-12T05:00:00Z,s-00086,2026-01-12 05:00:00+00:00
261,2026-01-12T08:00:00Z,s-00086,2026-01-12 08:00:00+00:00
262,2026-01-12T05:00:00Z,s-00087,2026-01-12 05:00:00+00:00
263,2026-01-12T08:00:00Z,s-00087,2026-01-12 08:00:00+00:00
264,2026-01-12T11:00:00Z,s-00087,2026-01-12 11:00:00+00:00
265,2026-01-12T08:00:00Z,s-00088,2026-01-12 08:00:00+00:00
266,2026-01-12T11:00:00Z,s-00088,2026-01-12 11:00:00+00:00
267,2026-01-12T14:00:00Z,s-00088,2026-01-12 14:00:00+00:00
268,2026-01-12T11:00:00Z,s-00089,2026-01-12 11:00:00+00:00
269,2026-01-12T14:00:00Z,s-00089,2026-01-12 14:00:00+00:00
270,2026-01-12T17:00:00Z,s-00089,2026-01-12 17:00:00+00:00
271,2026-01-12T14:00:00Z,s-00090,2026-01-12 14:00:00+00:00
272,2026-01-12T17:00:00Z,s-00090,2026-01-12 17:00:00+00:00
273,2026-01-12T20:00:00Z,s-00090,2026-01-12 20:00:00+00:00
274,2026-01-12T17:00:00Z,s-00091,2026-01-12 17:00:00+00:00
275,2026-01-12T20:00:00Z,s-00091,2026-01-12 20:00:00+00:00
276,2026-01-12T23:00:00Z,s-00091,2026-01-12 23:00:00+00:00
277,2026-01-12T20:00:00Z,s-00092,2026-01-12 20:00:00+00:00
278,2026-01-12T23:00:00Z,s-00092,2026-01-12 23:00:00+00:00
279,2026-01-13T02:00:00Z,s-00092,2026-01-13 02:00:00+00:00
280,2026-01-12T23:00:00Z,s-00093,2026-01-12 23:00:00+00:00
281,2026-01-13T02:00:00Z,s-00093,2026-01-13 02:00:00+00:00
282,2026-01-13T05:00:00Z,s-00093,2026-01-13 05:00:00+00:00
283,2026-01-13T02:00:00Z,s-00094,2026-01-13 02:00:00+00:00
284,2026-01-13T05:00:00Z,s-00094,2026-01-13 05:00:00+00:00
285,2026-01-13T08:00:00Z,s-00094,2026-01-13 08:00:00+00:00
286,2026-01-13T05:00:00Z,s-00095,2026-01-13 05:00:00+00:00
287,2026-01-13T08:00:00Z,s-00095,2026-01-13 08:00:00+00:00
288,2026-01-13T11:00:00Z,s-00095,2026-01-13 11:00:00+00:00
289,2026-01-13T08:00:00Z,s-00096,2026-01-13 08:00:00+00:00
290,2026-01-13T11:00:00Z,s-00096,2026-01-13 11:00:00+00:00
291,2026-01-13T14:00:00Z,s-00096,2026-01-13 14:00:00+00:00
292,2026-01-13T11:00:00Z,s-00097,2026-01-13 11:00:00+00:00
293,2026-01-13T14:00:00Z,s-00097,2026-01-13 14:00:00+00:00
294,2026-01-13T17:00:00Z,s-00097,2026-01-13 17:00:00+00:00
295,2026-01-13T14:00:00Z,s-00098,2026-01-13 14:00:00+00:00
296,2026-01-13T17:00:00Z,s-00098,2026-01-13 17:00:00+00:00
297,2026-01-13T20:00:00Z,s-00098,2026-01-13 20:00:00+00:00
298,2026-01-13T17:00:00Z,s-00099,2026-01-13 17:00:00+00:00
299,2026-01-13T20:00:00Z,s-00099,2026-01-13 20:00:00+00:00
300,2026-01-13T23:00:00Z,s-00099,2026-01-13 23:00:00+00:00
301,2026-01-13T20:00:00Z,s-00100,2026-01-13 20:00:00+00:00
302,2026-01-13T23:00:00Z,s-00100,2026-01-13 23:00:00+00:00
303,2026-01-14T02:00:00Z,s-00100,2026-01-14 02:00:00+00:00
304,2026-01-13T23:00:00Z,s-00101,2026-01-13 23:00:00+00:00
305,2026-01-14T02:00:00Z,s-00101,2026-01-14 02:00:00+00:00
306,2026-01-14T05:00:00Z,s-00101,2026-01-14 05:00:00+00:00
307,2026-01-14T02:00:00Z,s-00102,2026-01-14 02:00:00+00:00
308,2026-01-14T05:00:00Z,s-00102,2026-01-14 05:00:00+00:00
309,2026-01-14T08:00:00Z,s-00102,2026-01-14 08:00:00+00:00
310,2026-01-14T05:00:00Z,s-00103,2026-01-14 05:00:00+00:00
311,2026-01-14T08:00:00Z,s-00103,2026-01-14 08:00:00+00:00
312,2026-01-14T11:00:00Z,s-00103,2026-01-14 11:00:00+00:00
313,2026-01-14T08:00:00Z,s-00104,2026-01-14 08:00:00+00:00
314,2026-01-14T11:00:00Z,s-00104,2026-01-14 11:00:00+00:00
315,2026-01-14T14:00:00Z,s-00104,2026-01-14 14:00:00+00:00
316,2026-01-14T11:00:00Z,s-00105,2026-01-14 11:00:00+00:00
317,2026-01-14T14:00:00Z,s-00105,2026-01-14 14:00:00+00:00
318,2026-01-14T17:00:00Z,s-00105,2026-01-14 17:00:00+00:00
319,2026-01-14T14:00:00Z,s-00106,2026-01-14 14:00:00+00:00
320,2026-01-14T17:00:00Z,s-00106,2026-01-14 17:00:00+00:00
321,2026-01-14T20:00:00Z,s-00106,2026-01-14 20:00:00+00:00
322,2026-01-14T17:00:00Z,s-00107,2026-01-14 17:00:00+00:00
323,2026-01-14T20:00:00Z,s-00107,2026-01-14 20:00:00+00:00
324,2026-01-14T23:00:00Z,s-00107,2026-01-14 23:00:00+00:00
325,2026-01-14T20:00:00Z,s-00108,2026-01-14 20:00:00+00:00
326,2026-01-14T23:00:00Z,s-00108,2026-01-14 23:00:00+00:00
327,2026-01-15T02:00:00Z,s-00108,2026-01-15 02:00:00+00:00
328,2026-01-14T23:00:00Z,s-00109,2026-01-14 23:00:00+00:00
329,2026-01-15T02:00:00Z,s-00109,2026-01-15 02:00:00+00:00
330,2026-01-15T05:00:00Z,s-00109,2026-01-15 05:00:00+00:00
331,2026-01-15T02:00:00Z,s-00110,2026-01-15 02:00:00+00:00
332,2026-01-15T05:00:00Z,s-00110,2026-01-15 05:00:00+00:00
333,2026-01-15T08:00:00Z,s-00110,2026-01-15 08:00:00+00:00
334,2026-01-15T05:00:00Z,s-00111,2026-01-15 05:00:00+00:00
335,2026-01-15T08:00:00Z,s-00111,2026-01-15 08:00:00+00:00
336,2026-01-15T11:00:00Z,s-00111,2026-01-15 11:00:00+00:00
337,2026-01-15T08:00:00Z,s-00112,2026-01-15 08:00:00+00:00
338,2026-01-15T11:00:00Z,s-00112,2026-01-15 11:00:00+00:00
339,2026-01-15T14:00:00Z,s-00112,2026-01-15 14:00:00+00:00
340,2026-01-15T11:00:00Z,s-00113,2026-01-15 11:00:00+00:00
341,2026-01-15T14:00:00Z,s-00113,2026-01-15 14:00:00+00:00
342,2026-01-15T17:00:00Z,s-00113,2026-01-15 17:00:00+00:00
343,2026-01-15T14:00:00Z,s-00114,2026-01-15 14:00:00+00:00
344,2026-01-15T17:00:00Z,s-00114,2026-01-15 17:00:00+00:00
345,2026-01-15T20:00:00Z,s-00114,2026-01-15 20:00:00+00:00
346,2026-01-15T17:00:00Z,s-00115,2026-01-15 17:00:00+00:00
347,2026-01-15T20:00:00Z,s-00115,2026-01-15 20:00:00+00:00
348,2026-01-15T23:00:00Z,s-00115,2026-01-15 23:00:00+00:00
349,2026-01-15T20:00:00Z,s-00116,2026-01-15 20:00:00+00:00
350,2026-01-15T23:00:00Z,s-00116,2026-01-15 23:00:00+00:00
351,2026-01-16T02:00:00Z,s-00116,2026-01-16 02:00:00+00:00
352,2026-01-15T23:00:00Z,s-00117,2026-01-15 23:00:00+00:00
353,2026-01-16T02:00:00Z,s-00117,2026-01-16 02:00:00+00:00
354,2026-01-16T05:00:00Z,s-00117,2026-01-16 05:00:00+00:00
355,2026-01-16T02:00:00Z,s-00118,2026-01-16 02:00:00+00:00
356,2026-01-16T05:00:00Z,s-00118,2026-01-16 05:00:00+00:00
357,2026-01-16T08:00:00Z,s-00118,2026-01-16 08:00:00+00:00
358,2026-01-16T05:00:00Z,s-00119,2026-01-16 05:00:00+00:00
359,2026-01-16T08:00:00Z,s-00119,2026-01-16 08:00:00+00:00
360,2026-01-16T11:00:00Z,s-00119,2026-01-16 11:00:00+00:00
361,2026-01-16T08:00:00Z,s-00120,2026-01-16 08:00:00+00:00
362,2026-01-16T11:00:00Z,s-00120,2026-01-16 11:00:00+00:00
363,2026-01-16T14:00:00Z,s-00120,2026-01-16 14:00:00+00:00
364,2026-01-16T11:00:00Z,s-00121,2026-01-16 11:00:00+00:00
365,2026-01-16T14:00:00Z,s-00121,2026-01-16 14:00:00+00:00
366,2026-01-16T17:00:00Z,s-00121,2026-01-16 17:00:00+00:00
367,2026-01-16T14:00:00Z,s-00122,2026-01-16 14:00:00+00:00
368,2026-01-16T17:00:00Z,s-00122,2026-01-16 17:00:00+00:00
369,2026-01-16T20:00:00Z,s-00122,2026-01-16 20:00:00+00:00
370,2026-01-16T17:00:00Z,s-00123,2026-01-16 17:00:00+00:00
371,2026-01-16T20:00:00Z,s-00123,2026-01-16 20:00:00+00:00
372,2026-01-16T23:00:00Z,s-00123,2026-01-16 23:00:00+00:00
373,2026-01-16T20:00:00Z,s-00124,2026-01-16 20:00:00+00:00
374,2026-01-16T23:00:00Z,s-00124,2026-01-16 23:00:00+00:00
375,2026-01-17T02:00:00Z,s-00124,2026-01-17 02:00:00+00:00
376,2026-01-16T23:00:00Z,s-00125,2026-01-16 23:00:00+00:00
377,2026-01-17T02:00:00Z,s-00125,2026-01-17 02:00:00+00:00
378,2026-01-17T05:00:00Z,s-00125,2026-01-17 05:00:00+00:00
379,2026-01-17T02:00:00Z,s-00126,2026-01-17 02:00:00+00:00
380,2026-01-17T05:00:00Z,s-00126,2026-01-17 05:00:00+00:00
381,2026-01-17T08:00:00Z,s-00126,2026-01-17 08:00:00+00:00
382,2026-01-17T05:00:00Z,s-00127,2026-01-17 05:00:00+00:00
383,2026-01-17T08:00:00Z,s-00127,2026-01-17 08:00:00+00:00
384,2026-01-17T11:00:00Z,s-00127,2026-01-17 11:00:00+00:00
385,2026-01-17T08:00:00Z,s-00128,2026-01-17 08:00:00+00:00
386,2026-01-17T11:00:00Z,s-00128,2026-01-17 11:00:00+00:00
387,2026-01-17T14:00:00Z,s-00128,2026-01-17 14:00:00+00:00
388,2026-01-17T11:00:00Z,s-00129,2026-01-17 11:00:00+00:00
389,2026-01-17T14:00:00Z,s-00129,2026-01-17 14:00:00+00:00
390,2026-01-17T17:00:00Z,s-00129,2026-01-17 17:00:00+00:00
391,2026-01-17T14:00:00Z,s-00130,2026-01-17 14:00:00+00:00
392,2026-01-17T17:00:00Z,s-00130,2026-01-17 17:00:00+00:00
393,2026-01-17T20:00:00Z,s-00130,2026-01-17 20:00:00+00:00
394,2026-01-17T17:00:00Z,s-00131,2026-01-17 17:00:00+00:00
395,2026-01-17T20:00:00Z,s-00131,2026-01-17 20:00:00+00:00
396,2026-01-17T23:00:00Z,s-00131,2026-01-17 23:00:00+00:00
397,2026-01-17T20:00:00Z,s-00132,2026-01-17 20:00:00+00:00
398,2026-01-17T23:00:00Z,s-00132,2026-01-17 23:00:00+00:00
399,2026-01-18T02:00:00Z,s-00132,2026-01-18 02:00:00+00:00
400,2026-01-17T23:00:00Z,s-00133,2026-01-17 23:00:00+00:00
401,2026-01-18T02:00:00Z,s-00133,2026-01-18 02:00:00+00:00
402,2026-01-18T05:00:00Z,s-00133,2026-01-18 05:00:00+00:00
403,2026-01-18T02:00:00Z,s-00134,2026-01-18 02:00:00+00:00
404,2026-01-18T05:00:00Z,s-00134,2026-01-18 05:00:00+00:00
405,2026-01-18T08:00:00Z,s-00134,2026-01-18 08:00:00+00:00
406,2026-01-18T05:00:00Z,s-00135,2026-01-18 05:00:00+00:00
407,2026-01-18T08:00:00Z,s-00135,2026-01-18 08:00:00+00:00
408,2026-01-18T11:00:00Z,s-00135,2026-01-18 11:00:00+00:00
409,2026-01-18T08:00:00Z,s-00136,2026-01-18 08:00:00+00:00
410,2026-01-18T11:00:00Z,s-00136,2026-01-18 11:00:00+00:00
411,2026-01-18T14:00:00Z,s-00136,2026-01-18 14:00:00+00:00
412,2026-01-18T11:00:00Z,s-00137,2026-01-18 11:00:00+00:00
413,2026-01-18T14:00:00Z,s-00137,2026-01-18 14:00:00+00:00
414,2026-01-18T17:00:00Z,s-00137,2026-01-18 17:00:00+00:00
415,2026-01-18T14:00:00Z,s-00138,2026-01-18 14:00:00+00:00
416,2026-01-18T17:00:00Z,s-00138,2026-01-18 17:00:00+00:00
417,2026-01-18T20:00:00Z,s-00138,2026-01-18 20:00:00+00:00
418,2026-01-18T17:00:00Z,s-00139,2026-01-18 17:00:00+00:00
419,2026-01-18T20:00:00Z,s-00139,2026-01-18 20:00:00+00:00
420,2026-01-18T23:00:00Z,s-00139,2026-01-18 23:00:00+00:00
421,2026-01-18T20:00:00Z,s-00140,2026-01-18 20:00:00+00:00
422,2026-01-18T23:00:00Z,s-00140,2026-01-18 23:00:00+00:00
423,2026-01-19T02:00:00Z,s-00140,2026-01-19 02:00:00+00:00
424,2026-01-18T23:00:00Z,s-00141,2026-01-18 23:00:00+00:00
425,2026-01-19T02:00:00Z,s-00141,2026-01-19 02:00:00+00:00
426,2026-01-19T05:00:00Z,s-00141,2026-01-19 05:00:00+00:00
427,2026-01-19T02:00:00Z,s-00142,2026-01-19 02:00:00+00:00
428,2026-01-19T05:00:00Z,s-00142,2026-01-19 05:00:00+00:00
429,2026-01-19T08:00:00Z,s-00142,2026-01-19 08:00:00+00:00
430,2026-01-19T05:00:00Z,s-00143,2026-01-19 05:00:00+00:00
431,2026-01-19T08:00:00Z,s-00143,2026-01-19 08:00:00+00:00
432,2026-01-19T11:00:00Z,s-00143,2026-01-19 11:00:00+00:00
433,2026-01-19T08:00:00Z,s-00144,2026-01-19 08:00:00+00:00
434,2026-01-19T11:00:00Z,s-00144,2026-01-19 11:00:00+00:00
435,2026-01-19T14:00:00Z,s-00144,2026-01-19 14:00:00+00:00
436,2026-01-19T11:00:00Z,s-00145,2026-01-19 11:00:00+00:00
437,2026-01-19T14:00:00Z,s-00145,2026-01-19 14:00:00+00:00
438,2026-01-19T17:00:00Z,s-00145,2026-01-19 17:00:00+00:00
439,2026-01-19T14:00:00Z,s-00146,2026-01-19 14:00:00+00:00
440,2026-01-19T17:00:00Z,s-00146,2026-01-19 17:00:00+00:00
441,2026-01-19T20:00:00Z,s-00146,2026-01-19 20:00:00+00:00
442,2026-01-19T17:00:00Z,s-00147,2026-01-19 17:00:00+00:00
443,2026-01-19T20:00:00Z,s-00147,2026-01-19 20:00:00+00:00
444,2026-01-19T23:00:00Z,s-00147,2026-01-19 23:00:00+00:00
445,2026-01-19T20:00:00Z,s-00148,2026-01-19 20:00:00+00:00
446,2026-01-19T23:00:00Z,s-00148,2026-01-19 23:00:00+00:00
447,2026-01-20T02:00:00Z,s-00148,2026-01-20 02:00:00+00:00
448,2026-01-19T23:00:00Z,s-00149,2026-01-19 23:00:00+00:00
449,2026-01-20T02:00:00Z,s-00149,2026-01-20 02:00:00+00:00
450,2026-01-20T05:00:00Z,s-00149,2026-01-20 05:00:00+00:00
451,2026-01-20T02:00:00Z,s-00150,2026-01-20 02:00:00+00:00
452,2026-01-20T05:00:00Z,s-00150,2026-01-20 05:00:00+00:00
453,2026-01-20T08:00:00Z,s-00150,2026-01-20 08:00:00+00:00
454,2026-01-20T05:00:00Z,s-00151,2026-01-20 05:00:00+00:00
455,2026-01-20T08:00:00Z,s-00151,2026-01-20 08:00:00+00:00
456,2026-01-20T11:00:00Z,s-00151,2026-01-20 11:00:00+00:00
457,2026-01-20T08:00:00Z,s-00152,2026-01-20 08:00:00+00:00
458,2026-01-20T11:00:00Z,s-00152,2026-01-20 11:00:00+00:00
459,2026-01-20T14:00:00Z,s-00152,2026-01-20 14:00:00+00:00
460,2026-01-20T11:00:00Z,s-00153,2026-01-20 11:00:00+00:00
461,2026-01-20T14:00:00Z,s-00153,2026-01-20 14:00:00+00:00
462,2026-01-20T17:00:00Z,s-00153,2026-01-20 17:00:00+00:00
463,2026-01-20T14:00:00Z,s-00154,2026-01-20 14:00:00+00:00
464,2026-01-20T17:00:00Z,s-00154,2026-01-20 17:00:00+00:00
465,2026-01-20T20:00:00Z,s-00154,2026-01-20 20:00:00+00:00
466,2026-01-20T17:00:00Z,s-00155,2026-01-20 17:00:00+00:00
467,2026-01-20T20:00:00Z,s-00155,2026-01-20 20:00:00+00:00
468,2026-01-20T23:00:00Z,s-00155,2026-01-20 23:00:00+00:00
469,2026-01-20T20:00:00Z,s-00156,2026-01-20 20:00:00+00:00
470,2026-01-20T23:00:00Z,s-00156,2026-01-20 23:00:00+00:00
471,2026-01-21T02:00:00Z,s-00156,2026-01-21 02:00:00+00:00
472,2026-01-20T23:00:00Z,s-00157,2026-01-20 23:00:00+00:00
473,2026-01-21T02:00:00Z,s-00157,2026-01-21 02:00:00+00:00
474,2026-01-21T05:00:00Z,s-00157,2026-01-21 05:00:00+00:00
475,2026-01-21T02:00:00Z,s-00158,2026-01-21 02:00:00+00:00
476,2026-01-21T05:00:00Z,s-00158,2026-01-21 05:00:00+00:00
477,2026-01-21T08:00:00Z,s-00158,2026-01-21 08:00:00+00:00
478,2026-01-21T05:00:00Z,s-00159,2026-01-21 05:00:00+00:00
479,2026-01-21T08:00:00Z,s-00159,2026-01-21 08:00:00+00:00
480,2026-01-21T11:00:00Z,s-00159,2026-01-21 11:00:00+00:00
481,2026-01-21T08:00:00Z,s-00160,2026-01-21 08:00:00+00:00
482,2026-01-21T11:00:00Z,s-00160,2026-01-21 11:00:00+00:00
483,2026-01-21T14:00:00Z,s-00160,2026-01-21 14:00:00+00:00
484,2026-01-21T11:00:00Z,s-00161,2026-01-21 11:00:00+00:00
485,2026-01-21T14:00:00Z,s-00161,2026-01-21 14:00:00+00:00
486,2026-01-21T17:00:00Z,s-00161,2026-01-21 17:00:00+00:00
487,2026-01-21T14:00:00Z,s-00162,2026-01-21 14:00:00+00:00
488,2026-01-21T17:00:00Z,s-00162,2026-01-21 17:00:00+00:00
489,2026-01-21T20:00:00Z,s-00162,2026-01-21 20:00:00+00:00
490,2026-01-21T17:00:00Z,s-00163,2026-01-21 17:00:00+00:00
491,2026-01-21T20:00:00Z,s-00163,2026-01-21 20:00:00+00:00
492,2026-01-21T23:00:00Z,s-00163,2026-01-21 23:00:00+00:00
493,2026-01-21T20:00:00Z,s-00164,2026-01-21 20:00:00+00:00
494,2026-01-21T23:00:00Z,s-00164,2026-01-21 23:00:00+00:00
495,2026-01-22T02:00:00Z,s-00164,2026-01-22 02:00:00+00:00
496,2026-01-21T23:00:00Z,s-00165,2026-01-21 23:00:00+00:00
497,2026-01-22T02:00:00Z,s-00165,2026-01-22 02:00:00+00:00
498,2026-01-22T05:00:00Z,s-00165,2026-01-22 05:00:00+00:00
499,2026-01-22T02:00:00Z,s-00166,2026-01-22 02:00:00+00:00
500,2026-01-22T05:00:00Z,s-00166,2026-01-22 05:00:00+00:00
501,2026-01-22T08:00:00Z,s-00166,2026-01-22 08:00:00+00:00
502,2026-01-22T05:00:00Z,s-00167,2026-01-22 05:00:00+00:00
503,2026-01-22T08:00:00Z,s-00167,2026-01-22 08:00:00+00:00
504,2026-01-22T11:00:00Z,s-00167,2026-01-22 11:00:00+00:00
505,2026-01-22T08:00:00Z,s-00168,2026-01-22 08:00:00+00:00
506,2026-01-22T11:00:00Z,s-00168,2026-01-22 11:00:00+00:00
507,2026-01-22T14:00:00Z,s-00168,2026-01-22 14:00:00+00:00
508,2026-01-22T11:00:00Z,s-00169,2026-01-22 11:00:00+00:00
509,2026-01-22T14:00:00Z,s-00169,2026-01-22 14:00:00+00:00
510,2026-01-22T17:00:00Z,s-00169,2026-01-22 17:00:00+00:00
511,2026-01-22T14:00:00Z,s-00170,2026-01-22 14:00:00+00:00
512,2026-01-22T17:00:00Z,s-00170,2026-01-22 17:00:00+00:00
513,2026-01-22T20:00:00Z,s-00170,2026-01-22 20:00:00+00:00
514,2026-01-22T17:00:00Z,s-00171,2026-01-22 17:00:00+00:00
515,2026-01-22T20:00:00Z,s-00171,2026-01-22 20:00:00+00:00
516,2026-01-22T23:00:00Z,s-00171,2026-01-22 23:00:00+00:00
517,2026-01-22T20:00:00Z,s-00172,2026-01-22 20:00:00+00:00
518,2026-01-22T23:00:00Z,s-00172,2026-01-22 23:00:00+00:00
519,2026-01-23T02:00:00Z,s-00172,2026-01-23 02:00:00+00:00
520,2026-01-22T23:00:00Z,s-00173,2026-01-22 23:00:00+00:00
521,2026-01-23T02:00:00Z,s-00173,2026-01-23 02:00:00+00:00
522,2026-01-23T05:00:00Z,s-00173,2026-01-23 05:00:00+00:00
523,2026-01-23T02:00:00Z,s-00174,2026-01-23 02:00:00+00:00
524,2026-01-23T05:00:00Z,s-00174,2026-01-23 05:00:00+00:00
525,2026-01-23T08:00:00Z,s-00174,2026-01-23 08:00:00+00:00
526,2026-01-23T05:00:00Z,s-00175,2026-01-23 05:00:00+00:00
527,2026-01-23T08:00:00Z,s-00175,2026-01-23 08:00:00+00:00
528,2026-01-23T11:00:00Z,s-00175,2026-01-23 11:00:00+00:00
529,2026-01-23T08:00:00Z,s-00176,2026-01-23 08:00:00+00:00
530,2026-01-23T11:00:00Z,s-00176,2026-01-23 11:00:00+00:00
531,2026-01-23T14:00:00Z,s-00176,2026-01-23 14:00:00+00:00
532,2026-01-23T11:00:00Z,s-00177,2026-01-23 11:00:00+00:00
533,2026-01-23T14:00:00Z,s-00177,2026-01-23 14:00:00+00:00
534,2026-01-23T17:00:00Z,s-00177,2026-01-23 17:00:00+00:00
535,2026-01-23T14:00:00Z,s-00178,2026-01-23 14:00:00+00:00
536,2026-01-23T17:00:00Z,s-00178,2026-01-23 17:00:00+00:00
537,2026-01-23T20:00:00Z,s-00178,2026-01-23 20:00:00+00:00
538,2026-01-23T17:00:00Z,s-00179,2026-01-23 17:00:00+00:00
539,2026-01-23T20:00:00Z,s-00179,2026-01-23 20:00:00+00:00
540,2026-01-23T23:00:00Z,s-00179,2026-01-23 23:00:00+00:00
541,2026-01-23T20:00:00Z,s-00180,2026-01-23 20:00:00+00:00
542,2026-01-23T23:00:00Z,s-00180,2026-01-23 23:00:00+00:00
543,2026-01-24T02:00:00Z,s-00180,2026-01-24 02:00:00+00:00
544,2026-01-23T23:00:00Z,s-00181,2026-01-23 23:00:00+00:00
545,2026-01-24T02:00:00Z,s-00181,2026-01-24 02:00:00+00:00
546,2026-01-24T05:00:00Z,s-00181,2026-01-24 05:00:00+00:00
547,2026-01-24T02:00:00Z,s-00182,2026-01-24 02:00:00+00:00
548,2026-01-24T05:00:00Z,s-00182,2026-01-24 05:00:00+00:00
549,2026-01-24T08:00:00Z,s-00182,2026-01-24 08:00:00+00:00
550,2026-01-24T05:00:00Z,s-00183,2026-01-24 05:00:00+00:00
551,2026-01-24T08:00:00Z,s-00183,2026-01-24 08:00:00+00:00
552,2026-01-24T11:00:00Z,s-00183,2026-01-24 11:00:00+00:00
553,2026-01-24T08:00:00Z,s-00184,2026-01-24 08:00:00+00:00
554,2026-01-24T11:00:00Z,s-00184,2026-01-24 11:00:00+00:00
555,2026-01-24T14:00:00Z,s-00184,2026-01-24 14:00:00+00:00
556,2026-01-24T11:00:00Z,s-00185,2026-01-24 11:00:00+00:00
557,2026-01-24T14:00:00Z,s-00185,2026-01-24 14:00:00+00:00
558,2026-01-24T17:00:00Z,s-00185,2026-01-24 17:00:00+00:00
559,2026-01-24T14:00:00Z,s-00186,2026-01-24 14:00:00+00:00
560,2026-01-24T17:00:00Z,s-00186,2026-01-24 17:00:00+00:00
561,2026-01-24T20:00:00Z,s-00186,2026-01-24 20:00:00+00:00
562,2026-01-24T17:00:00Z,s-00187,2026-01-24 17:00:00+00:00
563,2026-01-24T20:00:00Z,s-00187,2026-01-24 20:00:00+00:00
564,2026-01-24T23:00:00Z,s-00187,2026-01-24 23:00:00+00:00
565,2026-01-24T20:00:00Z,s-00188,2026-01-24 20:00:00+00:00
566,2026-01-24T23:00:00Z,s-00188,2026-01-24 23:00:00+00:00
567,2026-01-25T02:00:00Z,s-00188,2026-01-25 02:00:00+00:00
568,2026-01-24T23:00:00Z,s-00189,2026-01-24 23:00:00+00:00
569,2026-01-25T02:00:00Z,s-00189,2026-01-25 02:00:00+00:00
570,2026-01-25T05:00:00Z,s-00189,2026-01-25 05:00:00+00:00
571,2026-01-25T02:00:00Z,s-00190,2026-01-25 02:00:00+00:00
572,2026-01-25T05:00:00Z,s-00190,2026-01-25 05:00:00+00:00
573,2026-01-25T08:00:00Z,s-00190,2026-01-25 08:00:00+00:00
574,2026-01-25T05:00:00Z,s-00191,2026-01-25 05:00:00+00:00
575,2026-01-25T08:00:00Z,s-00191,2026-01-25 08:00:00+00:00
576,2026-01-25T11:00:00Z,s-00191,2026-01-25 11:00:00+00:00
577,2026-01-25T08:00:00Z,s-00192,2026-01-25 08:00:00+00:00
578,2026-01-25T11:00:00Z,s-00192,2026-01-25 11:00:00+00:00
579,2026-01-25T14:00:00Z,s-00192,2026-01-25 14:00:00+00:00
580,2026-01-25T11:00:00Z,s-00193,2026-01-25 11:00:00+00:00
581,2026-01-25T14:00:00Z,s-00193,2026-01-25 14:00:00+00:00
582,2026-01-25T17:00:00Z,s-00193,2026-01-25 17:00:00+00:00
583,2026-01-25T14:00:00Z,s-00194,2026-01-25 14:00:00+00:00
584,2026-01-25T17:00:00Z,s-00194,2026-01-25 17:00:00+00:00
585,2026-01-25T20:00:00Z,s-00194,2026-01-25 20:00:00+00:00
586,2026-01-25T17:00:00Z,s-00195,2026-01-25 17:00:00+00:00
587,2026-01-25T20:00:00Z,s-00195,2026-01-25 20:00:00+00:00
588,2026-01-25T23:00:00Z,s-00195,2026-01-25 23:00:00+00:00
589,2026-01-25T20:00:00Z,s-00196,2026-01-25 20:00:00+00:00
590,2026-01-25T23:00:00Z,s-00196,2026-01-25 23:00:00+00:00
591,2026-01-26T02:00:00Z,s-00196,2026-01-26 02:00:00+00:00
592,2026-01-25T23:00:00Z,s-00197,2026-01-25 23:00:00+00:00
593,2026-01-26T02:00:00Z,s-00197,2026-01-26 02:00:00+00:00
594,2026-01-26T05:00:00Z,s-00197,2026-01-26 05:00:00+00:00
595,2026-01-26T02:00:00Z,s-00198,2026-01-26 02:00:00+00:00
596,2026-01-26T05:00:00Z,s-00198,2026-01-26 05:00:00+00:00
597,2026-01-26T08:00:00Z,s-00198,2026-01-26 08:00:00+00:00
598,2026-01-26T05:00:00Z,s-00199,2026-01-26 05:00:00+00:00
599,2026-01-26T08:00:00Z,s-00199,2026-01-26 08:00:00+00:00
600,2026-01-26T11:00:00Z,s-00199,2026-01-26 11:00:00+00:00
601,2026-01-26T08:00:00Z,s-00200,2026-01-26 08:00:00+00:00
602,2026-01-26T11:00:00Z,s-00200,2026-01-26 11:00:00+00:00
603,2026-01-26T14:00:00Z,s-00200,2026-01-26 14:00:00+00:00
604,2026-01-26T11:00:00Z,s-00201,2026-01-26 11:00:00+00:00
605,2026-01-26T14:00:00Z,s-00201,2026-01-26 14:00:00+00:00
606,2026-01-26T17:00:00Z,s-00201,2026-01-26 17:00:00+00:00
607,2026-01-26T14:00:00Z,s-00202,2026-01-26 14:00:00+00:00
608,2026-01-26T17:00:00Z,s-00202,2026-01-26 17:00:00+00:00
609,2026-01-26T20:00:00Z,s-00202,2026-01-26 20:00:00+00:00
610,2026-01-26T17:00:00Z,s-00203,2026-01-26 17:00:00+00:00
611,2026-01-26T20:00:00Z,s-00203,2026-01-26 20:00:00+00:00
612,2026-01-26T23:00:00Z,s-00203,2026-01-26 23:00:00+00:00
613,2026-01-26T20:00:00Z,s-00204,2026-01-26 20:00:00+00:00
614,2026-01-26T23:00:00Z,s-00204,2026-01-26 23:00:00+00:00
615,2026-01-27T02:00:00Z,s-00204,2026-01-27 02:00:00+00:00
616,2026-01-26T23:00:00Z,s-00205,2026-01-26 23:00:00+00:00
617,2026-01-27T02:00:00Z,s-00205,2026-01-27 02:00:00+00:00
618,2026-01-27T05:00:00Z,s-00205,2026-01-27 05:00:00+00:00
619,2026-01-27T02:00:00Z,s-00206,2026-01-27 02:00:00+00:00
620,2026-01-27T05:00:00Z,s-00206,2026-01-27 05:00:00+00:00
621,2026-01-27T08:00:00Z,s-00206,2026-01-27 08:00:00+00:00
622,2026-01-27T05:00:00Z,s-00207,2026-01-27 05:00:00+00:00
623,2026-01-27T08:00:00Z,s-00207,2026-01-27 08:00:00+00:00
624,2026-01-27T11:00:00Z,s-00207,2026-01-27 11:00:00+00:00
625,2026-01-27T08:00:00Z,s-00208,2026-01-27 08:00:00+00:00
626,2026-01-27T11:00:00Z,s-00208,2026-01-27 11:00:00+00:00
627,2026-01-27T14:00:00Z,s-00208,2026-01-27 14:00:00+00:00
628,2026-01-27T11:00:00Z,s-00209,2026-01-27 11:00:00+00:00
629,2026-01-27T14:00:00Z,s-00209,2026-01-27 14:00:00+00:00
630,2026-01-27T17:00:00Z,s-00209,2026-01-27 17:00:00+00:00
631,2026-01-27T14:00:00Z,s-00210,2026-01-27 14:00:00+00:00
632,2026-01-27T17:00:00Z,s-00210,2026-01-27 17:00:00+00:00
633,2026-01-27T20:00:00Z,s-00210,2026-01-27 20:00:00+00:00
634,2026-01-27T17:00:00Z,s-00211,2026-01-27 17:00:00+00:00
635,2026-01-27T20:00:00Z,s-00211,2026-01-27 20:00:00+00:00
636,2026-01-27T23:00:00Z,s-00211,2026-01-27 23:00:00+00:00
637,2026-01-27T20:00:00Z,s-00212,2026-01-27 20:00:00+00:00
638,2026-01-27T23:00:00Z,s-00212,2026-01-27 23:00:00+00:00
639,2026-01-28T02:00:00Z,s-00212,2026-01-28 02:00:00+00:00
640,2026-01-27T23:00:00Z,s-00213,2026-01-27 23:00:00+00:00
641,2026-01-28T02:00:00Z,s-00213,2026-01-28 02:00:00+00:00
642,2026-01-28T05:00:00Z,s-00213,2026-01-28 05:00:00+00:00
643,2026-01-28T02:00:00Z,s-00214,2026-01-28 02:00:00+00:00
644,2026-01-28T05:00:00Z,s-00214,2026-01-28 05:00:00+00:00
645,2026-01-28T08:00:00Z,s-00214,2026-01-28 08:00:00+00:00
646,2026-01-28T05:00:00Z,s-00215,2026-01-28 05:00:00+00:00
647,2026-01-28T08:00:00Z,s-00215,2026-01-28 08:00:00+00:00
648,2026-01-28T11:00:00Z,s-00215,2026-01-28 11:00:00+00:00
649,2026-01-28T08:00:00Z,s-00216,2026-01-28 08:00:00+00:00
650,2026-01-28T11:00:00Z,s-00216,2026-01-28 11:00:00+00:00
651,2026-01-28T14:00:00Z,s-00216,2026-01-28 14:00:00+00:00
652,2026-01-28T11:00:00Z,s-00217,2026-01-28 11:00:00+00:00
653,2026-01-28T14:00:00Z,s-00217,2026-01-28 14:00:00+00:00
654,2026-01-28T17:00:00Z,s-00217,2026-01-28 17:00:00+00:00
655,2026-01-28T14:00:00Z,s-00218,2026-01-28 14:00:00+00:00
656,2026-01-28T17:00:00Z,s-00218,2026-01-28 17:00:00+00:00
657,2026-01-28T20:00:00Z,s-00218,2026-01-28 20:00:00+00:00
658,2026-01-28T17:00:00Z,s-00219,2026-01-28 17:00:00+00:00
659,2026-01-28T20:00:00Z,s-00219,2026-01-28 20:00:00+00:00
660,2026-01-28T23:00:00Z,s-00219,2026-01-28 23:00:00+00:00
661,2026-01-28T20:00:00Z,s-00220,2026-01-28 20:00:00+00:00
662,2026-01-28T23:00:00Z,s-00220,2026-01-28 23:00:00+00:00
663,2026-01-29T02:00:00Z,s-00220,2026-01-29 02:00:00+00:00
664,2026-01-28T23:00:00Z,s-00221,2026-01-28 23:00:00+00:00
665,2026-01-29T02:00:00Z,s-00221,2026-01-29 02:00:00+00:00
666,2026-01-29T05:00:00Z,s-00221,2026-01-29 05:00:00+00:00
667,2026-01-29T02:00:00Z,s-00222,2026-01-29 02:00:00+00:00
668,2026-01-29T05:00:00Z,s-00222,2026-01-29 05:00:00+00:00
669,2026-01-29T08:00:00Z,s-00222,2026-01-29 08:00:00+00:00
670,2026-01-29T05:00:00Z,s-00223,2026-01-29 05:00:00+00:00
671,2026-01-29T08:00:00Z,s-00223,2026-01-29 08:00:00+00:00
672,2026-01-29T11:00:00Z,s-00223,2026-01-29 11:00:00+00:00
673,2026-01-29T08:00:00Z,s-00224,2026-01-29 08:00:00+00:00
674,2026-01-29T11:00:00Z,s-00224,2026-01-29 11:00:00+00:00
675,2026-01-29T14:00:00Z,s-00224,2026-01-29 14:00:00+00:00
676,2026-01-29T11:00:00Z,s-00225,2026-01-29 11:00:00+00:00
677,2026-01-29T14:00:00Z,s-00225,2026-01-29 14:00:00+00:00
678,2026-01-29T17:00:00Z,s-00225,2026-01-29 17:00:00+00:00
679,2026-01-29T14:00:00Z,s-00226,2026-01-29 14:00:00+00:00
680,2026-01-29T17:00:00Z,s-00226,2026-01-29 17:00:00+00:00
681,2026-01-29T20:00:00Z,s-00226,2026-01-29 20:00:00+00:00
682,2026-01-29T17:00:00Z,s-00227,2026-01-29 17:00:00+00:00
683,2026-01-29T20:00:00Z,s-00227,2026-01-29 20:00:00+00:00
684,2026-01-29T23:00:00Z,s-00227,2026-01-29 23:00:00+00:00
685,2026-01-29T20:00:00Z,s-00228,2026-01-29 20:00:00+00:00
686,2026-01-29T23:00:00Z,s-00228,2026-01-29 23:00:00+00:00
687,2026-01-30T02:00:00Z,s-00228,2026-01-30 02:00:00+00:00
688,2026-01-29T23:00:00Z,s-00229,2026-01-29 23:00:00+00:00
689,2026-01-30T02:00:00Z,s-00229,2026-01-30 02:00:00+00:00
690,2026-01-30T05:00:00Z,s-00229,2026-01-30 05:00:00+00:00
691,2026-01-30T02:00:00Z,s-00230,2026-01-30 02:00:00+00:00
692,2026-01-30T05:00:00Z,s-00230,2026-01-30 05:00:00+00:00
693,2026-01-30T08:00:00Z,s-00230,2026-01-30 08:00:00+00:00
694,2026-01-30T05:00:00Z,s-00231,2026-01-30 05:00:00+00:00
695,2026-01-30T08:00:00Z,s-00231,2026-01-30 08:00:00+00:00
696,2026-01-30T11:00:00Z,s-00231,2026-01-30 11:00:00+00:00
697,2026-01-30T08:00:00Z,s-00232,2026-01-30 08:00:00+00:00
698,2026-01-30T11:00:00Z,s-00232,2026-01-30 11:00:00+00:00
699,2026-01-30T14:00:00Z,s-00232,2026-01-30 14:00:00+00:00
700,2026-01-30T11:00:00Z,s-00233,2026-01-30 11:00:00+00:00
701,2026-01-30T14:00:00Z,s-00233,2026-01-30 14:00:00+00:00
702,2026-01-30T17:00:00Z,s-00233,2026-01-30 17:00:00+00:00
703,2026-01-30T14:00:00Z,s-00234,2026-01-30 14:00:00+00:00
704,2026-01-30T17:00:00Z,s-00234,2026-01-30 17:00:00+00:00
705,2026-01-30T20:00:00Z,s-00234,2026-01-30 20:00:00+00:00
706,2026-01-30T17:00:00Z,s-00235,2026-01-30 17:00:00+00:00
707,2026-01-30T20:00:00Z,s-00235,2026-01-30 20:00:00+00:00
708,2026-01-30T23:00:00Z,s-00235,2026-01-30 23:00:00+00:00
709,2026-01-30T20:00:00Z,s-00236,2026-01-30 20:00:00+00:00
710,2026-01-30T23:00:00Z,s-00236,2026-01-30 23:00:00+00:00
711,2026-01-31T02:00:00Z,s-00236,2026-01-31 02:00:00+00:00
712,2026-01-30T23:00:00Z,s-00237,2026-01-30 23:00:00+00:00
713,2026-01-31T02:00:00Z,s-00237,2026-01-31 02:00:00+00:00
714,2026-01-31T05:00:00Z,s-00237,2026-01-31 05:00:00+00:00
715,2026-01-31T02:00:00Z,s-00238,2026-01-31 02:00:00+00:00
716,2026-01-31T05:00:00Z,s-00238,2026-01-31 05:00:00+00:00
717,2026-01-31T08:00:00Z,s-00238,2026-01-31 08:00:00+00:00
718,2026-01-31T05:00:00Z,s-00239,2026-01-31 05:00:00+00:00
719,2026-01-31T08:00:00Z,s-00239,2026-01-31 08:00:00+00:00
720,2026-01-31T11:00:00Z,s-00239,2026-01-31 11:00:00+00:00
721,2026-01-31T08:00:00Z,s-00240,2026-01-31 08:00:00+00:00
722,2026-01-31T11:00:00Z,s-00240,2026-01-31 11:00:00+00:00
723,2026-01-31T14:00:00Z,s-00240,2026-01-31 14:00:00+00:00
724,2026-01-31T11:00:00Z,s-00241,2026-01-31 11:00:00+00:00
725,2026-01-31T14:00:00Z,s-00241,2026-01-31 14:00:00+00:00
726,2026-01-31T17:00:00Z,s-00241,2026-01-31 17:00:00+00:00
727,2026-01-31T14:00:00Z,s-00242,2026-01-31 14:00:00+00:00
728,2026-01-31T17:00:00Z,s-00242,2026-01-31 17:00:00+00:00
729,2026-01-31T20:00:00Z,s-00242,2026-01-31 20:00:00+00:00
730,2026-01-31T17:00:00Z,s-00243,2026-01-31 17:00:00+00:00
731,2026-01-31T20:00:00Z,s-00243,2026-01-31 20:00:00+00:00
732,2026-01-31T23:00:00Z,s-00243,2026-01-31 23:00:00+00:00
733,2026-01-31T20:00:00Z,s-00244,2026-01-31 20:00:00+00:00
734,2026-01-31T23:00:00Z,s-00244,2026-01-31 23:00:00+00:00
735,2026-02-01T02:00:00Z,s-00244,2026-02-01 02:00:00+00:00
736,2026-01-31T23:00:00Z,s-00245,2026-01-31 23:00:00+00:00
737,2026-02-01T02:00:00Z,s-00245,2026-02-01 02:00:00+00:00
738,2026-02-01T05:00:00Z,s-00245,2026-02-01 05:00:00+00:00
739,2026-02-01T02:00:00Z,s-00246,2026-02-01 02:00:00+00:00
740,2026-02-01T05:00:00Z,s-00246,2026-02-01 05:00:00+00:00
741,2026-02-01T08:00:00Z,s-00246,2026-02-01 08:00:00+00:00
742,2026-02-01T05:00:00Z,s-00247,2026-02-01 05:00:00+00:00
743,2026-02-01T08:00:00Z,s-00247,2026-02-01 08:00:00+00:00
744,2026-02-01T11:00:00Z,s-00247,2026-02-01 11:00:00+00:00
745,2026-02-01T08:00:00Z,s-00248,2026-02-01 08:00:00+00:00
746,2026-02-01T11:00:00Z,s-00248,2026-02-01 11:00:00+00:00
747,2026-02-01T14:00:00Z,s-00248,2026-02-01 14:00:00+00:00
748,2026-02-01T11:00:00Z,s-00249,2026-02-01 11:00:00+00:00
749,2026-02-01T14:00:00Z,s-00249,2026-02-01 14:00:00+00:00
750,2026-02-01T17:00:00Z,s-00249,2026-02-01 17:00:00+00:00
751,2026-02-01T14:00:00Z,s-00250,2026-02-01 14:00:00+00:00
752,2026-02-01T17:00:00Z,s-00250,2026-02-01 17:00:00+00:00
753,2026-02-01T20:00:00Z,s-00250,2026-02-01 20:00:00+00:00
754,2026-02-01T17:00:00Z,s-00251,2026-02-01 17:00:00+00:00
755,2026-02-01T20:00:00Z,s-00251,2026-02-01 20:00:00+00:00
756,2026-02-01T23:00:00Z,s-00251,2026-02-01 23:00:00+00:00
757,2026-02-01T20:00:00Z,s-00252,2026-02-01 20:00:00+00:00
758,2026-02-01T23:00:00Z,s-00252,2026-02-01 23:00:00+00:00
759,2026-02-02T02:00:00Z,s-00252,2026-02-02 02:00:00+00:00
760,2026-02-01T23:00:00Z,s-00253,2026-02-01 23:00:00+00:00
761,2026-02-02T02:00:00Z,s-00253,2026-02-02 02:00:00+00:00
762,2026-02-02T05:00:00Z,s-00253,2026-02-02 05:00:00+00:00
763,2026-02-02T02:00:00Z,s-00254,2026-02-02 02:00:00+00:00
764,2026-02-02T05:00:00Z,s-00254,2026-02-02 05:00:00+00:00
765,2026-02-02T08:00:00Z,s-00254,2026-02-02 08:00:00+00:00
766,2026-02-02T05:00:00Z,s-00255,2026-02-02 05:00:00+00:00
767,2026-02-02T08:00:00Z,s-00255,2026-02-02 08:00:00+00:00
768,2026-02-02T11:00:00Z,s-00255,2026-02-02 11:00:00+00:00
769,2026-02-02T08:00:00Z,s-00256,2026-02-02 08:00:00+00:00
770,2026-02-02T11:00:00Z,s-00256,2026-02-02 11:00:00+00:00
771,2026-02-02T14:00:00Z,s-00256,2026-02-02 14:00:00+00:00
772,2026-02-02T11:00:00Z,s-00257,2026-02-02 11:00:00+00:00
773,2026-02-02T14:00:00Z,s-00257,2026-02-02 14:00:00+00:00
774,2026-02-02T17:00:00Z,s-00257,2026-02-02 17:00:00+00:00
775,2026-02-02T14:00:00Z,s-00258,2026-02-02 14:00:00+00:00
776,2026-02-02T17:00:00Z,s-00258,2026-02-02 17:00:00+00:00
777,2026-02-02T20:00:00Z,s-00258,2026-02-02 20:00:00+00:00
778,2026-02-02T17:00:00Z,s-00259,2026-02-02 17:00:00+00:00
779,2026-02-02T20:00:00Z,s-00259,2026-02-02 20:00:00+00:00
780,2026-02-02T23:00:00Z,s-00259,2026-02-02 23:00:00+00:00
781,2026-02-02T20:00:00Z,s-00260,2026-02-02 20:00:00+00:00
782,2026-02-02T23:00:00Z,s-00260,2026-02-02 23:00:00+00:00
783,2026-02-03T02:00:00Z,s-00260,2026-02-03 02:00:00+00:00
784,2026-02-02T23:00:00Z,s-00261,2026-02-02 23:00:00+00:00
785,2026-02-03T02:00:00Z,s-00261,2026-02-03 02:00:00+00:00
786,2026-02-03T05:00:00Z,s-00261,2026-02-03 05:00:00+00:00
787,2026-02-03T02:00:00Z,s-00262,2026-02-03 02:00:00+00:00
788,2026-02-03T05:00:00Z,s-00262,2026-02-03 05:00:00+00:00
789,2026-02-03T08:00:00Z,s-00262,2026-02-03 08:00:00+00:00
790,2026-02-03T05:00:00Z,s-00263,2026-02-03 05:00:00+00:00
791,2026-02-03T08:00:00Z,s-00263,2026-02-03 08:00:00+00:00
792,2026-02-03T11:00:00Z,s-00263,2026-02-03 11:00:00+00:00
793,2026-02-03T08:00:00Z,s-00264,2026-02-03 08:00:00+00:00
794,2026-02-03T11:00:00Z,s-00264,2026-02-03 11:00:00+00:00
795,2026-02-03T14:00:00Z,s-00264,2026-02-03 14:00:00+00:00
796,2026-02-03T11:00:00Z,s-00265,2026-02-03 11:00:00+00:00
797,2026-02-03T14:00:00Z,s-00265,2026-02-03 14:00:00+00:00
798,2026-02-03T17:00:00Z,s-00265,2026-02-03 17:00:00+00:00
799,2026-02-03T14:00:00Z,s-00266,2026-02-03 14:00:00+00:00
800,2026-02-03T17:00:00Z,s-00266,2026-02-03 17:00:00+00:00
801,2026-02-03T20:00:00Z,s-00266,2026-02-03 20:00:00+00:00
802,2026-02-03T17:00:00Z,s-00267,2026-02-03 17:00:00+00:00
803,2026-02-03T20:00:00Z,s-00267,2026-02-03 20:00:00+00:00
804,2026-02-03T23:00:00Z,s-00267,2026-02-03 23:00:00+00:00
805,2026-02-03T20:00:00Z,s-00268,2026-02-03 20:00:00+00:00
806,2026-02-03T23:00:00Z,s-00268,2026-02-03 23:00:00+00:00
807,2026-02-04T02:00:00Z,s-00268,2026-02-04 02:00:00+00:00
808,2026-02-03T23:00:00Z,s-00269,2026-02-03 23:00:00+00:00
809,2026-02-04T02:00:00Z,s-00269,2026-02-04 02:00:00+00:00
810,2026-02-04T05:00:00Z,s-00269,2026-02-04 05:00:00+00:00
811,2026-02-04T02:00:00Z,s-00270,2026-02-04 02:00:00+00:00
812,2026-02-04T05:00:00Z,s-00270,2026-02-04 05:00:00+00:00
813,2026-02-04T08:00:00Z,s-00270,2026-02-04 08:00:00+00:00
814,2026-02-04T05:00:00Z,s-00271,2026-02-04 05:00:00+00:00
815,2026-02-04T08:00:00Z,s-00271,2026-02-04 08:00:00+00:00
816,2026-02-04T11:00:00Z,s-00271,2026-02-04 11:00:00+00:00
817,2026-02-04T08:00:00Z,s-00272,2026-02-04 08:00:00+00:00
818,2026-02-04T11:00:00Z,s-00272,2026-02-04 11:00:00+00:00
819,2026-02-04T14:00:00Z,s-00272,2026-02-04 14:00:00+00:00
820,2026-02-04T11:00:00Z,s-00273,2026-02-04 11:00:00+00:00
821,2026-02-04T14:00:00Z,s-00273,2026-02-04 14:00:00+00:00
822,2026-02-04T17:00:00Z,s-00273,2026-02-04 17:00:00+00:00
823,2026-02-04T14:00:00Z,s-00274,2026-02-04 14:00:00+00:00
824,2026-02-04T17:00:00Z,s-00274,2026-02-04 17:00:00+00:00
825,2026-02-04T20:00:00Z,s-00274,2026-02-04 20:00:00+00:00
826,2026-02-04T17:00:00Z,s-00275,2026-02-04 17:00:00+00:00
827,2026-02-04T20:00:00Z,s-00275,2026-02-04 20:00:00+00:00
828,2026-02-04T23:00:00Z,s-00275,2026-02-04 23:00:00+00:00
829,2026-02-04T20:00:00Z,s-00276,2026-02-04 20:00:00+00:00
830,2026-02-04T23:00:00Z,s-00276,2026-02-04 23:00:00+00:00
831,2026-02-05T02:00:00Z,s-00276,2026-02-05 02:00:00+00:00
832,2026-02-04T23:00:00Z,s-00277,2026-02-04 23:00:00+00:00
833,2026-02-05T02:00:00Z,s-00277,2026-02-05 02:00:00+00:00
834,2026-02-05T05:00:00Z,s-00277,2026-02-05 05:00:00+00:00
835,2026-02-05T02:00:00Z,s-00278,2026-02-05 02:00:00+00:00
836,2026-02-05T05:00:00Z,s-00278,2026-02-05 05:00:00+00:00
837,2026-02-05T08:00:00Z,s-00278,2026-02-05 08:00:00+00:00
838,2026-02-05T05:00:00Z,s-00279,2026-02-05 05:00:00+00:00
839,2026-02-05T08:00:00Z,s-00279,2026-02-05 08:00:00+00:00
840,2026-02-05T11:00:00Z,s-00279,2026-02-05 11:00:00+00:00
841,2026-02-05T08:00:00Z,s-00280,2026-02-05 08:00:00+00:00
842,2026-02-05T11:00:00Z,s-00280,2026-02-05 11:00:00+00:00
843,2026-02-05T14:00:00Z,s-00280,2026-02-05 14:00:00+00:00
844,2026-02-05T11:00:00Z,s-00281,2026-02-05 11:00:00+00:00
845,2026-02-05T14:00:00Z,s-00281,2026-02-05 14:00:00+00:00
846,2026-02-05T17:00:00Z,s-00281,2026-02-05 17:00:00+00:00
847,2026-02-05T14:00:00Z,s-00282,2026-02-05 14:00:00+00:00
848,2026-02-05T17:00:00Z,s-00282,2026-02-05 17:00:00+00:00
849,2026-02-05T20:00:00Z,s-00282,2026-02-05 20:00:00+00:00
850,2026-02-05T17:00:00Z,s-00283,2026-02-05 17:00:00+00:00
851,2026-02-05T20:00:00Z,s-00283,2026-02-05 20:00:00+00:00
852,2026-02-05T23:00:00Z,s-00283,2026-02-05 23:00:00+00:00
853,2026-02-05T20:00:00Z,s-00284,2026-02-05 20:00:00+00:00
854,2026-02-05T23:00:00Z,s-00284,2026-02-05 23:00:00+00:00
855,2026-02-06T02:00:00Z,s-00284,2026-02-06 02:00:00+00:00
856,2026-02-05T23:00:00Z,s-00285,2026-02-05 23:00:00+00:00
857,2026-02-06T02:00:00Z,s-00285,2026-02-06 02:00:00+00:00
858,2026-02-06T05:00:00Z,s-00285,2026-02-06 05:00:00+00:00
859,2026-02-06T02:00:00Z,s-00286,2026-02-06 02:00:00+00:00
860,2026-02-06T05:00:00Z,s-00286,2026-02-06 05:00:00+00:00
861,2026-02-06T08:00:00Z,s-00286,2026-02-06 08:00:00+00:00
862,2026-02-06T05:00:00Z,s-00287,2026-02-06 05:00:00+00:00
863,2026-02-06T08:00:00Z,s-00287,2026-02-06 08:00:00+00:00
864,2026-02-06T11:00:00Z,s-00287,2026-02-06 11:00:00+00:00
865,2026-02-06T08:00:00Z,s-00288,2026-02-06 08:00:00+00:00
866,2026-02-06T11:00:00Z,s-00288,2026-02-06 11:00:00+00:00
867,2026-02-06T14:00:00Z,s-00288,2026-02-06 14:00:00+00:00
868,2026-02-06T11:00:00Z,s-00289,2026-02-06 11:00:00+00:00
869,2026-02-06T14:00:00Z,s-00289,2026-02-06 14:00:00+00:00
870,2026-02-06T17:00:00Z,s-00289,2026-02-06 17:00:00+00:00
871,2026-02-06T14:00:00Z,s-00290,2026-02-06 14:00:00+00:00
872,2026-02-06T17:00:00Z,s-00290,2026-02-06 17:00:00+00:00
873,2026-02-06T20:00:00Z,s-00290,2026-02-06 20:00:00+00:00
874,2026-02-06T17:00:00Z,s-00291,2026-02-06 17:00:00+00:00
875,2026-02-06T20:00:00Z,s-00291,2026-02-06 20:00:00+00:00
876,2026-02-06T23:00:00Z,s-00291,2026-02-06 23:00:00+00:00
877,2026-02-06T20:00:00Z,s-00292,2026-02-06 20:00:00+00:00
878,2026-02-06T23:00:00Z,s-00292,2026-02-06 23:00:00+00:00
879,2026-02-07T02:00:00Z,s-00292,2026-02-07 02:00:00+00:00
880,2026-02-06T23:00:00Z,s-00293,2026-02-06 23:00:00+00:00
881,2026-02-07T02:00:00Z,s-00293,2026-02-07 02:00:00+00:00
882,2026-02-07T05:00:00Z,s-00293,2026-02-07 05:00:00+00:00
883,2026-02-07T02:00:00Z,s-00294,2026-02-07 02:00:00+00:00
884,2026-02-07T05:00:00Z,s-00294,2026-02-07 05:00:00+00:00
885,2026-02-07T08:00:00Z,s-00294,2026-02-07 08:00:00+00:00
886,2026-02-07T05:00:00Z,s-00295,2026-02-07 05:00:00+00:00
887,2026-02-07T08:00:00Z,s-00295,2026-02-07 08:00:00+00:00
888,2026-02-07T11:00:00Z,s-00295,2026-02-07 11:00:00+00:00
889,2026-02-07T08:00:00Z,s-00296,2026-02-07 08:00:00+00:00
890,2026-02-07T11:00:00Z,s-00296,2026-02-07 11:00:00+00:00
891,2026-02-07T14:00:00Z,s-00296,2026-02-07 14:00:00+00:00
892,2026-02-07T11:00:00Z,s-00297,2026-02-07 11:00:00+00:00
893,2026-02-07T14:00:00Z,s-00297,2026-02-07 14:00:00+00:00
894,2026-02-07T17:00:00Z,s-00297,2026-02-07 17:00:00+00:00
895,2026-02-07T14:00:00Z,s-00298,2026-02-07 14:00:00+00:00
896,2026-02-07T17:00:00Z,s-00298,2026-02-07 17:00:00+00:00
897,2026-02-07T20:00:00Z,s-00298,2026-02-07 20:00:00+00:00
898,2026-02-07T17:00:00Z,s-00299,2026-02-07 17:00:00+00:00
899,2026-02-07T20:00:00Z,s-00299,2026-02-07 20:00:00+00:00
900,2026-02-07T23:00:00Z,s-00299,2026-02-07 23:00:00+00:00
901,2026-02-07T20:00:00Z,s-00300,2026-02-07 20:00:00+00:00
902,2026-02-07T23:00:00Z,s-00300,2026-02-07 23:00:00+00:00
903,2026-02-08T02:00:00Z,s-00300,2026-02-08 02:00:00+00:00
904,2026-02-07T23:00:00Z,s-00301,2026-02-07 23:00:00+00:00
905,2026-02-08T02:00:00Z,s-00301,2026-02-08 02:00:00+00:00
906,2026-02-08T05:00:00Z,s-00301,2026-02-08 05:00:00+00:00
907,2026-02-08T02:00:00Z,s-00302,2026-02-08 02:00:00+00:00
908,2026-02-08T05:00:00Z,s-00302,2026-02-08 05:00:00+00:00
909,2026-02-08T08:00:00Z,s-00302,2026-02-08 08:00:00+00:00
910,2026-02-08T05:00:00Z,s-00303,2026-02-08 05:00:00+00:00
911,2026-02-08T08:00:00Z,s-00303,2026-02-08 08:00:00+00:00
912,2026-02-08T11:00:00Z,s-00303,2026-02-08 11:00:00+00:00
913,2026-02-08T08:00:00Z,s-00304,2026-02-08 08:00:00+00:00
914,2026-02-08T11:00:00Z,s-00304,2026-02-08 11:00:00+00:00
915,2026-02-08T14:00:00Z,s-00304,2026-02-08 14:00:00+00:00
916,2026-02-08T11:00:00Z,s-00305,2026-02-08 11:00:00+00:00
917,2026-02-08T14:00:00Z,s-00305,2026-02-08 14:00:00+00:00
918,2026-02-08T17:00:00Z,s-00305,2026-02-08 17:00:00+00:00
919,2026-02-08T14:00:00Z,s-00306,2026-02-08 14:00:00+00:00
920,2026-02-08T17:00:00Z,s-00306,2026-02-08 17:00:00+00:00
921,2026-02-08T20:00:00Z,s-00306,2026-02-08 20:00:00+00:00
922,2026-02-08T17:00:00Z,s-00307,2026-02-08 17:00:00+00:00
923,2026-02-08T20:00:00Z,s-00307,2026-02-08 20:00:00+00:00
924,2026-02-08T23:00:00Z,s-00307,2026-02-08 23:00:00+00:00
925,2026-02-08T20:00:00Z,s-00308,2026-02-08 20:00:00+00:00
926,2026-02-08T23:00:00Z,s-00308,2026-02-08 23:00:00+00:00
927,2026-02-09T02:00:00Z,s-00308,2026-02-09 02:00:00+00:00
928,2026-02-08T23:00:00Z,s-00309,2026-02-08 23:00:00+00:00
929,2026-02-09T02:00:00Z,s-00309,2026-02-09 02:00:00+00:00
930,2026-02-09T05:00:00Z,s-00309,2026-02-09 05:00:00+00:00
931,2026-02-09T02:00:00Z,s-00310,2026-02-09 02:00:00+00:00
932,2026-02-09T05:00:00Z,s-00310,2026-02-09 05:00:00+00:00
933,2026-02-09T08:00:00Z,s-00310,2026-02-09 08:00:00+00:00
934,2026-02-09T05:00:00Z,s-00311,2026-02-09 05:00:00+00:00
935,2026-02-09T08:00:00Z,s-00311,2026-02-09 08:00:00+00:00
936,2026-02-09T11:00:00Z,s-00311,2026-02-09 11:00:00+00:00
937,2026-02-09T08:00:00Z,s-00312,2026-02-09 08:00:00+00:00
938,2026-02-09T11:00:00Z,s-00312,2026-02-09 11:00:00+00:00
939,2026-02-09T14:00:00Z,s-00312,2026-02-09 14:00:00+00:00
940,2026-02-09T11:00:00Z,s-00313,2026-02-09 11:00:00+00:00
941,2026-02-09T14:00:00Z,s-00313,2026-02-09 14:00:00+00:00
942,2026-02-09T17:00:00Z,s-00313,2026-02-09 17:00:00+00:00
943,2026-02-09T14:00:00Z,s-00314,2026-02-09 14:00:00+00:00
944,2026-02-09T17:00:00Z,s-00314,2026-02-09 17:00:00+00:00
945,2026-02-09T20:00:00Z,s-00314,2026-02-09 20:00:00+00:00
946,2026-02-09T17:00:00Z,s-00315,2026-02-09 17:00:00+00:00
947,2026-02-09T20:00:00Z,s-00315,2026-02-09 20:00:00+00:00
948,2026-02-09T23:00:00Z,s-00315,2026-02-09 23:00:00+00:00
949,2026-02-09T20:00:00Z,s-00316,2026-02-09 20:00:00+00:00
950,2026-02-09T23:00:00Z,s-00316,2026-02-09 23:00:00+00:00
951,2026-02-10T02:00:00Z,s-00316,2026-02-10 02:00:00+00:00
952,2026-02-09T23:00:00Z,s-00317,2026-02-09 23:00:00+00:00
953,2026-02-10T02:00:00Z,s-00317,2026-02-10 02:00:00+00:00
954,2026-02-10T05:00:00Z,s-00317,2026-02-10 05:00:00+00:00
955,2026-02-10T02:00:00Z,s-00318,2026-02-10 02:00:00+00:00
956,2026-02-10T05:00:00Z,s-00318,2026-02-10 05:00:00+00:00
957,2026-02-10T08:00:00Z,s-00318,2026-02-10 08:00:00+00:00
958,2026-02-10T05:00:00Z,s-00319,2026-02-10 05:00:00+00:00
959,2026-02-10T08:00:00Z,s-00319,2026-02-10 08:00:00+00:00
960,2026-02-10T11:00:00Z,s-00319,2026-02-10 11:00:00+00:00
961,2026-02-10T08:00:00Z,s-00320,2026-02-10 08:00:00+00:00
962,2026-02-10T11:00:00Z,s-00320,2026-02-10 11:00:00+00:00
963,2026-02-10T14:00:00Z,s-00320,2026-02-10 14:00:00+00:00
964,2026-02-10T11:00:00Z,s-00321,2026-02-10 11:00:00+00:00
965,2026-02-10T14:00:00Z,s-00321,2026-02-10 14:00:00+00:00
966,2026-02-10T17:00:00Z,s-00321,2026-02-10 17:00:00+00:00
967,2026-02-10T14:00:00Z,s-00322,2026-02-10 14:00:00+00:00
968,2026-02-10T17:00:00Z,s-00322,2026-02-10 17:00:00+00:00
969,2026-02-10T20:00:00Z,s-00322,2026-02-10 20:00:00+00:00
970,2026-02-10T17:00:00Z,s-00323,2026-02-10 17:00:00+00:00
971,2026-02-10T20:00:00Z,s-00323,2026-02-10 20:00:00+00:00
972,2026-02-10T23:00:00Z,s-00323,2026-02-10 23:00:00+00:00
973,2026-02-10T20:00:00Z,s-00324,2026-02-10 20:00:00+00:00
974,2026-02-10T23:00:00Z,s-00324,2026-02-10 23:00:00+00:00
975,2026-02-11T02:00:00Z,s-00324,2026-02-11 02:00:00+00:00
976,2026-02-10T23:00:00Z,s-00325,2026-02-10 23:00:00+00:00
977,2026-02-11T02:00:00Z,s-00325,2026-02-11 02:00:00+00:00
978,2026-02-11T05:00:00Z,s-00325,2026-02-11 05:00:00+00:00
979,2026-02-11T02:00:00Z,s-00326,2026-02-11 02:00:00+00:00
980,2026-02-11T05:00:00Z,s-00326,2026-02-11 05:00:00+00:00
981,2026-02-11T08:00:00Z,s-00326,2026-02-11 08:00:00+00:00
982,2026-02-11T05:00:00Z,s-00327,2026-02-11 05:00:00+00:00
983,2026-02-11T08:00:00Z,s-00327,2026-02-11 08:00:00+00:00
984,2026-02-11T11:00:00Z,s-00327,2026-02-11 11:00:00+00:00
985,2026-02-11T08:00:00Z,s-00328,2026-02-11 08:00:00+00:00
986,2026-02-11T11:00:00Z,s-00328,2026-02-11 11:00:00+00:00
987,2026-02-11T14:00:00Z,s-00328,2026-02-11 14:00:00+00:00
988,2026-02-11T11:00:00Z,s-00329,2026-02-11 11:00:00+00:00
989,2026-02-11T14:00:00Z,s-00329,2026-02-11 14:00:00+00:00
990,2026-02-11T17:00:00Z,s-00329,2026-02-11 17:00:00+00:00
991,2026-02-11T14:00:00Z,s-00330,2026-02-11 14:00:00+00:00
992,2026-02-11T17:00:00Z,s-00330,2026-02-11 17:00:00+00:00
993,2026-02-11T20:00:00Z,s-00330,2026-02-11 20:00:00+00:00
994,2026-02-11T17:00:00Z,s-00331,2026-02-11 17:00:00+00:00
995,2026-02-11T20:00:00Z,s-00331,2026-02-11 20:00:00+00:00
996,2026-02-11T23:00:00Z,s-00331,2026-02-11 23:00:00+00:00
997,2026-02-11T20:00:00Z,s-00332,2026-02-11 20:00:00+00:00
998,2026-02-11T23:00:00Z,s-00332,2026-02-11 23:00:00+00:00
999,2026-02-12T02:00:00Z,s-00332,2026-02-12 02:00:00+00:00
1000,2026-02-11T23:00:00Z,s-00333,2026-02-11 23:00:00+00:00
1001,2026-02-12T02:00:00Z,s-00333,2026-02-12 02:00:00+00:00
1002,2026-02-12T05:00:00Z,s-00333,2026-02-12 05:00:00+00:00
1003,2026-02-12T02:00:00Z,s-00334,2026-02-12 02:00:00+00:00
1004,2026-02-12T05:00:00Z,s-00334,2026-02-12 05:00:00+00:00
1005,2026-02-12T08:00:00Z,s-00334,2026-02-12 08:00:00+00:00
1006,2026-02-12T05:00:00Z,s-00335,2026-02-12 05:00:00+00:00
1007,2026-02-12T08:00:00Z,s-00335,2026-02-12 08:00:00+00:00
1008,2026-02-12T11:00:00Z,s-00335,2026-02-12 11:00:00+00:00
1009,2026-02-12T08:00:00Z,s-00336,2026-02-12 08:00:00+00:00
1010,2026-02-12T11:00:00Z,s-00336,2026-02-12 11:00:00+00:00
1011,2026-02-12T14:00:00Z,s-00336,2026-02-12 14:00:00+00:00
1012,2026-02-12T11:00:00Z,s-00337,2026-02-12 11:00:00+00:00
1013,2026-02-12T14:00:00Z,s-00337,2026-02-12 14:00:00+00:00
1014,2026-02-12T17:00:00Z,s-00337,2026-02-12 17:00:00+00:00
1015,2026-02-12T14:00:00Z,s-00338,2026-02-12 14:00:00+00:00
1016,2026-02-12T17:00:00Z,s-00338,2026-02-12 17:00:00+00:00
1017,2026-02-12T20:00:00Z,s-00338,2026-02-12 20:00:00+00:00
1018,2026-02-12T17:00:00Z,s-00339,2026-02-12 17:00:00+00:00
1019,2026-02-12T20:00:00Z,s-00339,2026-02-12 20:00:00+00:00
1020,2026-02-12T23:00:00Z,s-00339,2026-02-12 23:00:00+00:00
1021,2026-02-12T20:00:00Z,s-00340,2026-02-12 20:00:00+00:00
1022,2026-02-12T23:00:00Z,s-00340,2026-02-12 23:00:00+00:00
1023,2026-02-13T02:00:00Z,s-00340,2026-02-13 02:00:00+00:00
1024,2026-02-12T23:00:00Z,s-00341,2026-02-12 23:00:00+00:00
1025,2026-02-13T02:00:00Z,s-00341,2026-02-13 02:00:00+00:00
1026,2026-02-13T05:00:00Z,s-00341,2026-02-13 05:00:00+00:00
1027,2026-02-13T02:00:00Z,s-00342,2026-02-13 02:00:00+00:00
1028,2026-02-13T05:00:00Z,s-00342,2026-02-13 05:00:00+00:00
1029,2026-02-13T08:00:00Z,s-00342,2026-02-13 08:00:00+00:00
1030,2026-02-13T05:00:00Z,s-00343,2026-02-13 05:00:00+00:00
1031,2026-02-13T08:00:00Z,s-00343,2026-02-13 08:00:00+00:00
1032,2026-02-13T11:00:00Z,s-00343,2026-02-13 11:00:00+00:00
1033,2026-02-13T08:00:00Z,s-00344,2026-02-13 08:00:00+00:00
1034,2026-02-13T11:00:00Z,s-00344,2026-02-13 11:00:00+00:00
1035,2026-02-13T14:00:00Z,s-00344,2026-02-13 14:00:00+00:00
1036,2026-02-13T11:00:00Z,s-00345,2026-02-13 11:00:00+00:00
1037,2026-02-13T14:00:00Z,s-00345,2026-02-13 14:00:00+00:00
1038,2026-02-13T17:00:00Z,s-00345,2026-02-13 17:00:00+00:00
1039,2026-02-13T14:00:00Z,s-00346,2026-02-13 14:00:00+00:00
1040,2026-02-13T17:00:00Z,s-00346,2026-02-13 17:00:00+00:00
1041,2026-02-13T20:00:00Z,s-00346,2026-02-13 20:00:00+00:00
1042,2026-02-13T17:00:00Z,s-00347,2026-02-13 17:00:00+00:00
1043,2026-02-13T20:00:00Z,s-00347,2026-02-13 20:00:00+00:00
1044,2026-02-13T23:00:00Z,s-00347,2026-02-13 23:00:00+00:00
1045,2026-02-13T20:00:00Z,s-00348,2026-02-13 20:00:00+00:00
1046,2026-02-13T23:00:00Z,s-00348,2026-02-13 23:00:00+00:00
1047,2026-02-14T02:00:00Z,s-00348,2026-02-14 02:00:00+00:00
1048,2026-02-13T23:00:00Z,s-00349,2026-02-13 23:00:00+00:00
1049,2026-02-14T02:00:00Z,s-00349,2026-02-14 02:00:00+00:00
1050,2026-02-14T05:00:00Z,s-00349,2026-02-14 05:00:00+00:00
1051,2026-02-14T02:00:00Z,s-00350,2026-02-14 02:00:00+00:00
1052,2026-02-14T05:00:00Z,s-00350,2026-02-14 05:00:00+00:00
1053,2026-02-14T08:00:00Z,s-00350,2026-02-14 08:00:00+00:00
1054,2026-02-14T05:00:00Z,s-00351,2026-02-14 05:00:00+00:00
1055,2026-02-14T08:00:00Z,s-00351,2026-02-14 08:00:00+00:00
1056,2026-02-14T11:00:00Z,s-00351,2026-02-14 11:00:00+00:00
1057,2026-02-14T08:00:00Z,s-00352,2026-02-14 08:00:00+00:00
1058,2026-02-14T11:00:00Z,s-00352,2026-02-14 11:00:00+00:00
1059,2026-02-14T14:00:00Z,s-00352,2026-02-14 14:00:00+00:00
1060,2026-02-14T11:00:00Z,s-00353,2026-02-14 11:00:00+00:00
1061,2026-02-14T14:00:00Z,s-00353,2026-02-14 14:00:00+00:00
1062,2026-02-14T17:00:00Z,s-00353,2026-02-14 17:00:00+00:00
1063,2026-02-14T14:00:00Z,s-00354,2026-02-14 14:00:00+00:00
1064,2026-02-14T17:00:00Z,s-00354,2026-02-14 17:00:00+00:00
1065,2026-02-14T20:00:00Z,s-00354,2026-02-14 20:00:00+00:00
1066,2026-02-14T17:00:00Z,s-00355,2026-02-14 17:00:00+00:00
1067,2026-02-14T20:00:00Z,s-00355,2026-02-14 20:00:00+00:00
1068,2026-02-14T23:00:00Z,s-00355,2026-02-14 23:00:00+00:00
1069,2026-02-14T20:00:00Z,s-00356,2026-02-14 20:00:00+00:00
1070,2026-02-14T23:00:00Z,s-00356,2026-02-14 23:00:00+00:00
1071,2026-02-15T02:00:00Z,s-00356,2026-02-15 02:00:00+00:00
1072,2026-02-14T23:00:00Z,s-00357,2026-02-14 23:00:00+00:00
1073,2026-02-15T02:00:00Z,s-00357,2026-02-15 02:00:00+00:00
1074,2026-02-15T05:00:00Z,s-00357,2026-02-15 05:00:00+00:00
1075,2026-02-15T02:00:00Z,s-00358,2026-02-15 02:00:00+00:00
1076,2026-02-15T05:00:00Z,s-00358,2026-02-15 05:00:00+00:00
1077,2026-02-15T08:00:00Z,s-00358,2026-02-15 08:00:00+00:00
1078,2026-02-15T05:00:00Z,s-00359,2026-02-15 05:00:00+00:00
1079,2026-02-15T08:00:00Z,s-00359,2026-02-15 08:00:00+00:00
1080,2026-02-15T11:00:00Z,s-00359,2026-02-15 11:00:00+00:00
1081,2026-02-15T08:00:00Z,s-00360,2026-02-15 08:00:00+00:00
1082,2026-02-15T11:00:00Z,s-00360,2026-02-15 11:00:00+00:00
1083,2026-02-15T14:00:00Z,s-00360,2026-02-15 14:00:00+00:00
1084,2026-02-15T11:00:00Z,s-00361,2026-02-15 11:00:00+00:00
1085,2026-02-15T14:00:00Z,s-00361,2026-02-15 14:00:00+00:00
1086,2026-02-15T17:00:00Z,s-00361,2026-02-15 17:00:00+00:00
1087,2026-02-15T14:00:00Z,s-00362,2026-02-15 14:00:00+00:00
1088,2026-02-15T17:00:00Z,s-00362,2026-02-15 17:00:00+00:00
1089,2026-02-15T20:00:00Z,s-00362,2026-02-15 20:00:00+00:00
1090,2026-02-15T17:00:00Z,s-00363,2026-02-15 17:00:00+00:00
1091,2026-02-15T20:00:00Z,s-00363,2026-02-15 20:00:00+00:00
1092,2026-02-15T23:00:00Z,s-00363,2026-02-15 23:00:00+00:00
1093,2026-02-15T20:00:00Z,s-00364,2026-02-15 20:00:00+00:00
1094,2026-02-15T23:00:00Z,s-00364,2026-02-15 23:00:00+00:00
1095,2026-02-16T02:00:00Z,s-00364,2026-02-16 02:00:00+00:00
1096,2026-02-15T23:00:00Z,s-00365,2026-02-15 23:00:00+00:00
1097,2026-02-16T02:00:00Z,s-00365,2026-02-16 02:00:00+00:00
1098,2026-02-16T05:00:00Z,s-00365,2026-02-16 05:00:00+00:00
1099,2026-02-16T02:00:00Z,s-00366,2026-02-16 02:00:00+00:00
1100,2026-02-16T05:00:00Z,s-00366,2026-02-16 05:00:00+00:00
1101,2026-02-16T08:00:00Z,s-00366,2026-02-16 08:00:00+00:00
1102,2026-02-16T05:00:00Z,s-00367,2026-02-16 05:00:00+00:00
1103,2026-02-16T08:00:00Z,s-00367,2026-02-16 08:00:00+00:00
1104,2026-02-16T11:00:00Z,s-00367,2026-02-16 11:00:00+00:00
1105,2026-02-16T08:00:00Z,s-00368,2026-02-16 08:00:00+00:00
1106,2026-02-16T11:00:00Z,s-00368,2026-02-16 11:00:00+00:00
1107,2026-02-16T14:00:00Z,s-00368,2026-02-16 14:00:00+00:00
1108,2026-02-16T11:00:00Z,s-00369,2026-02-16 11:00:00+00:00
1109,2026-02-16T14:00:00Z,s-00369,2026-02-16 14:00:00+00:00
1110,2026-02-16T17:00:00Z,s-00369,2026-02-16 17:00:00+00:00
1111,2026-02-16T14:00:00Z,s-00370,2026-02-16 14:00:00+00:00
1112,2026-02-16T17:00:00Z,s-00370,2026-02-16 17:00:00+00:00
1113,2026-02-16T20:00:00Z,s-00370,2026-02-16 20:00:00+00:00
1114,2026-02-16T17:00:00Z,s-00371,2026-02-16 17:00:00+00:00
1115,2026-02-16T20:00:00Z,s-00371,2026-02-16 20:00:00+00:00
1116,2026-02-16T23:00:00Z,s-00371,2026-02-16 23:00:00+00:00
1117,2026-02-16T20:00:00Z,s-00372,2026-02-16 20:00:00+00:00
1118,2026-02-16T23:00:00Z,s-00372,2026-02-16 23:00:00+00:00
1119,2026-02-17T02:00:00Z,s-00372,2026-02-17 02:00:00+00:00
1120,2026-02-16T23:00:00Z,s-00373,2026-02-16 23:00:00+00:00
1121,2026-02-17T02:00:00Z,s-00373,2026-02-17 02:00:00+00:00
1122,2026-02-17T05:00:00Z,s-00373,2026-02-17 05:00:00+00:00
1123,2026-02-17T02:00:00Z,s-00374,2026-02-17 02:00:00+00:00
1124,2026-02-17T05:00:00Z,s-00374,2026-02-17 05:00:00+00:00
1125,2026-02-17T08:00:00Z,s-00374,2026-02-17 08:00:00+00:00
1126,2026-02-17T05:00:00Z,s-00375,2026-02-17 05:00:00+00:00
1127,2026-02-17T08:00:00Z,s-00375,2026-02-17 08:00:00+00:00
1128,2026-02-17T11:00:00Z,s-00375,2026-02-17 11:00:00+00:00
1129,2026-02-17T08:00:00Z,s-00376,2026-02-17 08:00:00+00:00
1130,2026-02-17T11:00:00Z,s-00376,2026-02-17 11:00:00+00:00
1131,2026-02-17T14:00:00Z,s-00376,2026-02-17 14:00:00+00:00
1132,2026-02-17T11:00:00Z,s-00377,2026-02-17 11:00:00+00:00
1133,2026-02-17T14:00:00Z,s-00377,2026-02-17 14:00:00+00:00
1134,2026-02-17T17:00:00Z,s-00377,2026-02-17 17:00:00+00:00
1135,2026-02-17T14:00:00Z,s-00378,2026-02-17 14:00:00+00:00
1136,2026-02-17T17:00:00Z,s-00378,2026-02-17 17:00:00+00:00
1137,2026-02-17T20:00:00Z,s-00378,2026-02-17 20:00:00+00:00
1138,2026-02-17T17:00:00Z,s-00379,2026-02-17 17:00:00+00:00
1139,2026-02-17T20:00:00Z,s-00379,2026-02-17 20:00:00+00:00
1140,2026-02-17T23:00:00Z,s-00379,2026-02-17 23:00:00+00:00
1141,2026-02-17T20:00:00Z,s-00380,2026-02-17 20:00:00+00:00
1142,2026-02-17T23:00:00Z,s-00380,2026-02-17 23:00:00+00:00
1143,2026-02-18T02:00:00Z,s-00380,2026-02-18 02:00:00+00:00
1144,2026-02-17T23:00:00Z,s-00381,2026-02-17 23:00:00+00:00
1145,2026-02-18T02:00:00Z,s-00381,2026-02-18 02:00:00+00:00
1146,2026-02-18T05:00:00Z,s-00381,2026-02-18 05:00:00+00:00
1147,2026-02-18T02:00:00Z,s-00382,2026-02-18 02:00:00+00:00
1148,2026-02-18T05:00:00Z,s-00382,2026-02-18 05:00:00+00:00
1149,2026-02-18T08:00:00Z,s-00382,2026-02-18 08:00:00+00:00
1150,2026-02-18T05:00:00Z,s-00383,2026-02-18 05:00:00+00:00
1151,2026-02-18T08:00:00Z,s-00383,2026-02-18 08:00:00+00:00
1152,2026-02-18T11:00:00Z,s-00383,2026-02-18 11:00:00+00:00
1153,2026-02-18T08:00:00Z,s-00384,2026-02-18 08:00:00+00:00
1154,2026-02-18T11:00:00Z,s-00384,2026-02-18 11:00:00+00:00
1155,2026-02-18T14:00:00Z,s-00384,2026-02-18 14:00:00+00:00
1156,2026-02-18T11:00:00Z,s-00385,2026-02-18 11:00:00+00:00
1157,2026-02-18T14:00:00Z,s-00385,2026-02-18 14:00:00+00:00
1158,2026-02-18T17:00:00Z,s-00385,2026-02-18 17:00:00+00:00
1159,2026-02-18T14:00:00Z,s-00386,2026-02-18 14:00:00+00:00
1160,2026-02-18T17:00:00Z,s-00386,2026-02-18 17:00:00+00:00
1161,2026-02-18T20:00:00Z,s-00386,2026-02-18 20:00:00+00:00
1162,2026-02-18T17:00:00Z,s-00387,2026-02-18 17:00:00+00:00
1163,2026-02-18T20:00:00Z,s-00387,2026-02-18 20:00:00+00:00
1164,2026-02-18T23:00:00Z,s-00387,2026-02-18 23:00:00+00:00
1165,2026-02-18T20:00:00Z,s-00388,2026-02-18 20:00:00+00:00
1166,2026-02-18T23:00:00Z,s-00388,2026-02-18 23:00:00+00:00
1167,2026-02-19T02:00:00Z,s-00388,2026-02-19 02:00:00+00:00
1168,2026-02-18T23:00:00Z,s-00389,2026-02-18 23:00:00+00:00
1169,2026-02-19T02:00:00Z,s-00389,2026-02-19 02:00:00+00:00
1170,2026-02-19T05:00:00Z,s-00389,2026-02-19 05:00:00+00:00
1171,2026-02-19T02:00:00Z,s-00390,2026-02-19 02:00:00+00:00
1172,2026-02-19T05:00:00Z,s-00390,2026-02-19 05:00:00+00:00
1173,2026-02-19T08:00:00Z,s-00390,2026-02-19 08:00:00+00:00
1174,2026-02-19T05:00:00Z,s-00391,2026-02-19 05:00:00+00:00
1175,2026-02-19T08:00:00Z,s-00391,2026-02-19 08:00:00+00:00
1176,2026-02-19T11:00:00Z,s-00391,2026-02-19 11:00:00+00:00
1177,2026-02-19T08:00:00Z,s-00392,2026-02-19 08:00:00+00:00
1178,2026-02-19T11:00:00Z,s-00392,2026-02-19 11:00:00+00:00
1179,2026-02-19T14:00:00Z,s-00392,2026-02-19 14:00:00+00:00
1180,2026-02-19T11:00:00Z,s-00393,2026-02-19 11:00:00+00:00
1181,2026-02-19T14:00:00Z,s-00393,2026-02-19 14:00:00+00:00
1182,2026-02-19T17:00:00Z,s-00393,2026-02-19 17:00:00+00:00
1183,2026-02-19T14:00:00Z,s-00394,2026-02-19 14:00:00+00:00
1184,2026-02-19T17:00:00Z,s-00394,2026-02-19 17:00:00+00:00
1185,2026-02-19T20:00:00Z,s-00394,2026-02-19 20:00:00+00:00
1186,2026-02-19T17:00:00Z,s-00395,2026-02-19 17:00:00+00:00
1187,2026-02-19T20:00:00Z,s-00395,2026-02-19 20:00:00+00:00
1188,2026-02-19T23:00:00Z,s-00395,2026-02-19 23:00:00+00:00
1189,2026-02-19T20:00:00Z,s-00396,2026-02-19 20:00:00+00:00
1190,2026-02-19T23:00:00Z,s-00396,2026-02-19 23:00:00+00:00
1191,2026-02-20T02:00:00Z,s-00396,2026-02-20 02:00:00+00:00
1192,2026-02-19T23:00:00Z,s-00397,2026-02-19 23:00:00+00:00
1193,2026-02-20T02:00:00Z,s-00397,2026-02-20 02:00:00+00:00
1194,2026-02-20T05:00:00Z,s-00397,2026-02-20 05:00:00+00:00
1195,2026-02-20T02:00:00Z,s-00398,2026-02-20 02:00:00+00:00
1196,2026-02-20T05:00:00Z,s-00398,2026-02-20 05:00:00+00:00
1197,2026-02-20T08:00:00Z,s-00398,2026-02-20 08:00:00+00:00
1198,2026-02-20T05:00:00Z,s-00399,2026-02-20 05:00:00+00:00
1199,2026-02-20T08:00:00Z,s-00399,2026-02-20 08:00:00+00:00
1200,2026-02-20T11:00:00Z,s-00399,2026-02-20 11:00:00+00:00
1201,2026-02-20T08:00:00Z,s-00400,2026-02-20 08:00:00+00:00
1202,2026-02-20T11:00:00Z,s-00400,2026-02-20 11:00:00+00:00
1203,2026-02-20T14:00:00Z,s-00400,2026-02-20 14:00:00+00:00
1204,2026-02-20T11:00:00Z,s-00401,2026-02-20 11:00:00+00:00
1205,2026-02-20T14:00:00Z,s-00401,2026-02-20 14:00:00+00:00
1206,2026-02-20T17:00:00Z,s-00401,2026-02-20 17:00:00+00:00
1207,2026-02-20T14:00:00Z,s-00402,2026-02-20 14:00:00+00:00
1208,2026-02-20T17:00:00Z,s-00402,2026-02-20 17:00:00+00:00
1209,2026-02-20T20:00:00Z,s-00402,2026-02-20 20:00:00+00:00
1210,2026-02-20T17:00:00Z,s-00403,2026-02-20 17:00:00+00:00
1211,2026-02-20T20:00:00Z,s-00403,2026-02-20 20:00:00+00:00
1212,2026-02-20T23:00:00Z,s-00403,2026-02-20 23:00:00+00:00
1213,2026-02-20T20:00:00Z,s-00404,2026-02-20 20:00:00+00:00
1214,2026-02-20T23:00:00Z,s-00404,2026-02-20 23:00:00+00:00
1215,2026-02-21T02:00:00Z,s-00404,2026-02-21 02:00:00+00:00
1216,2026-02-20T23:00:00Z,s-00405,2026-02-20 23:00:00+00:00
1217,2026-02-21T02:00:00Z,s-00405,2026-02-21 02:00:00+00:00
1218,2026-02-21T05:00:00Z,s-00405,2026-02-21 05:00:00+00:00
1219,2026-02-21T02:00:00Z,s-00406,2026-02-21 02:00:00+00:00
1220,2026-02-21T05:00:00Z,s-00406,2026-02-21 05:00:00+00:00
1221,2026-02-21T08:00:00Z,s-00406,2026-02-21 08:00:00+00:00
1222,2026-02-21T05:00:00Z,s-00407,2026-02-21 05:00:00+00:00
1223,2026-02-21T08:00:00Z,s-00407,2026-02-21 08:00:00+00:00
1224,2026-02-21T11:00:00Z,s-00407,2026-02-21 11:00:00+00:00
1225,2026-02-21T08:00:00Z,s-00408,2026-02-21 08:00:00+00:00
1226,2026-02-21T11:00:00Z,s-00408,2026-02-21 11:00:00+00:00
1227,2026-02-21T14:00:00Z,s-00408,2026-02-21 14:00:00+00:00
1228,2026-02-21T11:00:00Z,s-00409,2026-02-21 11:00:00+00:00
1229,2026-02-21T14:00:00Z,s-00409,2026-02-21 14:00:00+00:00
1230,2026-02-21T17:00:00Z,s-00409,2026-02-21 17:00:00+00:00
1231,2026-02-21T14:00:00Z,s-00410,2026-02-21 14:00:00+00:00
1232,2026-02-21T17:00:00Z,s-00410,2026-02-21 17:00:00+00:00
1233,2026-02-21T20:00:00Z,s-00410,2026-02-21 20:00:00+00:00
1234,2026-02-21T17:00:00Z,s-00411,2026-02-21 17:00:00+00:00
1235,2026-02-21T20:00:00Z,s-00411,2026-02-21 20:00:00+00:00
1236,2026-02-21T23:00:00Z,s-00411,2026-02-21 23:00:00+00:00
1237,2026-02-21T20:00:00Z,s-00412,2026-02-21 20:00:00+00:00
1238,2026-02-21T23:00:00Z,s-00412,2026-02-21 23:00:00+00:00
1239,2026-02-22T02:00:00Z,s-00412,2026-02-22 02:00:00+00:00
1240,2026-02-21T23:00:00Z,s-00413,2026-02-21 23:00:00+00:00
1241,2026-02-22T02:00:00Z,s-00413,2026-02-22 02:00:00+00:00
1242,2026-02-22T05:00:00Z,s-00413,2026-02-22 05:00:00+00:00
1243,2026-02-22T02:00:00Z,s-00414,2026-02-22 02:00:00+00:00
1244,2026-02-22T05:00:00Z,s-00414,2026-02-22 05:00:00+00:00
1245,2026-02-22T08:00:00Z,s-00414,2026-02-22 08:00:00+00:00
1246,2026-02-22T05:00:00Z,s-00415,2026-02-22 05:00:00+00:00
1247,2026-02-22T08:00:00Z,s-00415,2026-02-22 08:00:00+00:00
1248,2026-02-22T11:00:00Z,s-00415,2026-02-22 11:00:00+00:00
1249,2026-02-22T08:00:00Z,s-00416,2026-02-22 08:00:00+00:00
1250,2026-02-22T11:00:00Z,s-00416,2026-02-22 11:00:00+00:00
1251,2026-02-22T14:00:00Z,s-00416,2026-02-22 14:00:00+00:00
1252,2026-02-22T11:00:00Z,s-00417,2026-02-22 11:00:00+00:00
1253,2026-02-22T14:00:00Z,s-00417,2026-02-22 14:00:00+00:00
1254,2026-02-22T17:00:00Z,s-00417,2026-02-22 17:00:00+00:00
1255,2026-02-22T14:00:00Z,s-00418,2026-02-22 14:00:00+00:00
1256,2026-02-22T17:00:00Z,s-00418,2026-02-22 17:00:00+00:00
1257,2026-02-22T20:00:00Z,s-00418,2026-02-22 20:00:00+00:00
1258,2026-02-22T17:00:00Z,s-00419,2026-02-22 17:00:00+00:00
1259,2026-02-22T20:00:00Z,s-00419,2026-02-22 20:00:00+00:00
1260,2026-02-22T23:00:00Z,s-00419,2026-02-22 23:00:00+00:00
1261,2026-02-22T20:00:00Z,s-00420,2026-02-22 20:00:00+00:00
1262,2026-02-22T23:00:00Z,s-00420,2026-02-22 23:00:00+00:00
1263,2026-02-23T02:00:00Z,s-00420,2026-02-23 02:00:00+00:00
1264,2026-02-22T23:00:00Z,s-00421,2026-02-22 23:00:00+00:00
1265,2026-02-23T02:00:00Z,s-00421,2026-02-23 02:00:00+00:00
1266,2026-02-23T05:00:00Z,s-00421,2026-02-23 05:00:00+00:00
1267,2026-02-23T02:00:00Z,s-00422,2026-02-23 02:00:00+00:00
1268,2026-02-23T05:00:00Z,s-00422,2026-02-23 05:00:00+00:00
1269,2026-02-23T08:00:00Z,s-00422,2026-02-23 08:00:00+00:00
1270,2026-02-23T05:00:00Z,s-00423,2026-02-23 05:00:00+00:00
1271,2026-02-23T08:00:00Z,s-00423,2026-02-23 08:00:00+00:00
1272,2026-02-23T11:00:00Z,s-00423,2026-02-23 11:00:00+00:00
1273,2026-02-23T08:00:00Z,s-00424,2026-02-23 08:00:00+00:00
1274,2026-02-23T11:00:00Z,s-00424,2026-02-23 11:00:00+00:00
1275,2026-02-23T14:00:00Z,s-00424,2026-02-23 14:00:00+00:00
1276,2026-02-23T11:00:00Z,s-00425,2026-02-23 11:00:00+00:00
1277,2026-02-23T14:00:00Z,s-00425,2026-02-23 14:00:00+00:00
1278,2026-02-23T17:00:00Z,s-00425,2026-02-23 17:00:00+00:00
1279,2026-02-23T14:00:00Z,s-00426,2026-02-23 14:00:00+00:00
1280,2026-02-23T17:00:00Z,s-00426,2026-02-23 17:00:00+00:00
1281,2026-02-23T20:00:00Z,s-00426,2026-02-23 20:00:00+00:00
1282,2026-02-23T17:00:00Z,s-00427,2026-02-23 17:00:00+00:00
1283,2026-02-23T20:00:00Z,s-00427,2026-02-23 20:00:00+00:00
1284,2026-02-23T23:00:00Z,s-00427,2026-02-23 23:00:00+00:00
1285,2026-02-23T20:00:00Z,s-00428,2026-02-23 20:00:00+00:00
1286,2026-02-23T23:00:00Z,s-00428,2026-02-23 23:00:00+00:00
1287,2026-02-24T02:00:00Z,s-00428,2026-02-24 02:00:00+00:00
1288,2026-02-23T23:00:00Z,s-00429,2026-02-23 23:00:00+00:00
1289,2026-02-24T02:00:00Z,s-00429,2026-02-24 02:00:00+00:00
1290,2026-02-24T05:00:00Z,s-00429,2026-02-24 05:00:00+00:00
1291,2026-02-24T02:00:00Z,s-00430,2026-02-24 02:00:00+00:00
1292,2026-02-24T05:00:00Z,s-00430,2026-02-24 05:00:00+00:00
1293,2026-02-24T08:00:00Z,s-00430,2026-02-24 08:00:00+00:00
1294,2026-02-24T05:00:00Z,s-00431,2026-02-24 05:00:00+00:00
1295,2026-02-24T08:00:00Z,s-00431,2026-02-24 08:00:00+00:00
1296,2026-02-24T11:00:00Z,s-00431,2026-02-24 11:00:00+00:00
1297,2026-02-24T08:00:00Z,s-00432,2026-02-24 08:00:00+00:00
1298,2026-02-24T11:00:00Z,s-00432,2026-02-24 11:00:00+00:00
1299,2026-02-24T14:00:00Z,s-00432,2026-02-24 14:00:00+00:00
1300,2026-02-24T11:00:00Z,s-00433,2026-02-24 11:00:00+00:00
1301,2026-02-24T14:00:00Z,s-00433,2026-02-24 14:00:00+00:00
1302,2026-02-24T17:00:00Z,s-00433,2026-02-24 17:00:00+00:00
1303,2026-02-24T14:00:00Z,s-00434,2026-02-24 14:00:00+00:00
1304,2026-02-24T17:00:00Z,s-00434,2026-02-24 17:00:00+00:00
1305,2026-02-24T20:00:00Z,s-00434,2026-02-24 20:00:00+00:00
1306,2026-02-24T17:00:00Z,s-00435,2026-02-24 17:00:00+00:00
1307,2026-02-24T20:00:00Z,s-00435,2026-02-24 20:00:00+00:00
1308,2026-02-24T23:00:00Z,s-00435,2026-02-24 23:00:00+00:00
1309,2026-02-24T20:00:00Z,s-00436,2026-02-24 20:00:00+00:00
1310,2026-02-24T23:00:00Z,s-00436,2026-02-24 23:00:00+00:00
1311,2026-02-25T02:00:00Z,s-00436,2026-02-25 02:00:00+00:00
1312,2026-02-24T23:00:00Z,s-00437,2026-02-24 23:00:00+00:00
1313,2026-02-25T02:00:00Z,s-00437,2026-02-25 02:00:00+00:00
1314,2026-02-25T05:00:00Z,s-00437,2026-02-25 05:00:00+00:00
1315,2026-02-25T02:00:00Z,s-00438,2026-02-25 02:00:00+00:00
1316,2026-02-25T05:00:00Z,s-00438,2026-02-25 05:00:00+00:00
1317,2026-02-25T08:00:00Z,s-00438,2026-02-25 08:00:00+00:00
1318,2026-02-25T05:00:00Z,s-00439,2026-02-25 05:00:00+00:00
1319,2026-02-25T08:00:00Z,s-00439,2026-02-25 08:00:00+00:00
1320,2026-02-25T11:00:00Z,s-00439,2026-02-25 11:00:00+00:00
1321,2026-02-25T08:00:00Z,s-00440,2026-02-25 08:00:00+00:00
1322,2026-02-25T11:00:00Z,s-00440,2026-02-25 11:00:00+00:00
1323,2026-02-25T14:00:00Z,s-00440,2026-02-25 14:00:00+00:00
1324,2026-02-25T11:00:00Z,s-00441,2026-02-25 11:00:00+00:00
1325,2026-02-25T14:00:00Z,s-00441,2026-02-25 14:00:00+00:00
1326,2026-02-25T17:00:00Z,s-00441,2026-02-25 17:00:00+00:00
1327,2026-02-25T14:00:00Z,s-00442,2026-02-25 14:00:00+00:00
1328,2026-02-25T17:00:00Z,s-00442,2026-02-25 17:00:00+00:00
1329,2026-02-25T20:00:00Z,s-00442,2026-02-25 20:00:00+00:00
1330,2026-02-25T17:00:00Z,s-00443,2026-02-25 17:00:00+00:00
1331,2026-02-25T20:00:00Z,s-00443,2026-02-25 20:00:00+00:00
1332,2026-02-25T23:00:00Z,s-00443,2026-02-25 23:00:00+00:00
1333,2026-02-25T20:00:00Z,s-00444,2026-02-25 20:00:00+00:00
1334,2026-02-25T23:00:00Z,s-00444,2026-02-25 23:00:00+00:00
1335,2026-02-26T02:00:00Z,s-00444,2026-02-26 02:00:00+00:00
1336,2026-02-25T23:00:00Z,s-00445,2026-02-25 23:00:00+00:00
1337,2026-02-26T02:00:00Z,s-00445,2026-02-26 02:00:00+00:00
1338,2026-02-26T05:00:00Z,s-00445,2026-02-26 05:00:00+00:00
1339,2026-02-26T02:00:00Z,s-00446,2026-02-26 02:00:00+00:00
1340,2026-02-26T05:00:00Z,s-00446,2026-02-26 05:00:00+00:00
1341,2026-02-26T08:00:00Z,s-00446,2026-02-26 08:00:00+00:00
1342,2026-02-26T05:00:00Z,s-00447,2026-02-26 05:00:00+00:00
1343,2026-02-26T08:00:00Z,s-00447,2026-02-26 08:00:00+00:00
1344,2026-02-26T11:00:00Z,s-00447,2026-02-26 11:00:00+00:00
1345,2026-02-26T08:00:00Z,s-00448,2026-02-26 08:00:00+00:00
1346,2026-02-26T11:00:00Z,s-00448,2026-02-26 11:00:00+00:00
1347,2026-02-26T14:00:00Z,s-00448,2026-02-26 14:00:00+00:00
1348,2026-02-26T11:00:00Z,s-00449,2026-02-26 11:00:00+00:00
1349,2026-02-26T14:00:00Z,s-00449,2026-02-26 14:00:00+00:00
1350,2026-02-26T17:00:00Z,s-00449,2026-02-26 17:00:00+00:00
1351,2026-02-26T14:00:00Z,s-00450,2026-02-26 14:00:00+00:00
1352,2026-02-26T17:00:00Z,s-00450,2026-02-26 17:00:00+00:00
1353,2026-02-26T20:00:00Z,s-00450,2026-02-26 20:00:00+00:00
1354,2026-02-26T17:00:00Z,s-00451,2026-02-26 17:00:00+00:00
1355,2026-02-26T20:00:00Z,s-00451,2026-02-26 20:00:00+00:00
1356,2026-02-26T23:00:00Z,s-00451,2026-02-26 23:00:00+00:00
1357,2026-02-26T20:00:00Z,s-00452,2026-02-26 20:00:00+00:00
1358,2026-02-26T23:00:00Z,s-00452,2026-02-26 23:00:00+00:00
1359,2026-02-27T02:00:00Z,s-00452,2026-02-27 02:00:00+00:00
1360,2026-02-26T23:00:00Z,s-00453,2026-02-26 23:00:00+00:00
1361,2026-02-27T02:00:00Z,s-00453,2026-02-27 02:00:00+00:00
1362,2026-02-27T05:00:00Z,s-00453,2026-02-27 05:00:00+00:00
1363,2026-02-27T02:00:00Z,s-00454,2026-02-27 02:00:00+00:00
1364,2026-02-27T05:00:00Z,s-00454,2026-02-27 05:00:00+00:00
1365,2026-02-27T08:00:00Z,s-00454,2026-02-27 08:00:00+00:00
1366,2026-02-27T05:00:00Z,s-00455,2026-02-27 05:00:00+00:00
1367,2026-02-27T08:00:00Z,s-00455,2026-02-27 08:00:00+00:00
1368,2026-02-27T11:00:00Z,s-00455,2026-02-27 11:00:00+00:00
1369,2026-02-27T08:00:00Z,s-00456,2026-02-27 08:00:00+00:00
1370,2026-02-27T11:00:00Z,s-00456,2026-02-27 11:00:00+00:00
1371,2026-02-27T14:00:00Z,s-00456,2026-02-27 14:00:00+00:00
1372,2026-02-27T11:00:00Z,s-00457,2026-02-27 11:00:00+00:00
1373,2026-02-27T14:00:00Z,s-00457,2026-02-27 14:00:00+00:00
1374,2026-02-27T17:00:00Z,s-00457,2026-02-27 17:00:00+00:00
1375,2026-02-27T14:00:00Z,s-00458,2026-02-27 14:00:00+00:00
1376,2026-02-27T17:00:00Z,s-00458,2026-02-27 17:00:00+00:00
1377,2026-02-27T20:00:00Z,s-00458,2026-02-27 20:00:00+00:00
1378,2026-02-27T17:00:00Z,s-00459,2026-02-27 17:00:00+00:00
1379,2026-02-27T20:00:00Z,s-00459,2026-02-27 20:00:00+00:00
1380,2026-02-27T23:00:00Z,s-00459,2026-02-27 23:00:00+00:00
1381,2026-02-27T20:00:00Z,s-00460,2026-02-27 20:00:00+00:00
1382,2026-02-27T23:00:00Z,s-00460,2026-02-27 23:00:00+00:00
1383,2026-02-28T02:00:00Z,s-00460,2026-02-28 02:00:00+00:00
1384,2026-02-27T23:00:00Z,s-00461,2026-02-27 23:00:00+00:00
1385,2026-02-28T02:00:00Z,s-00461,2026-02-28 02:00:00+00:00
1386,2026-02-28T05:00:00Z,s-00461,2026-02-28 05:00:00+00:00
1387,2026-02-28T02:00:00Z,s-00462,2026-02-28 02:00:00+00:00
1388,2026-02-28T05:00:00Z,s-00462,2026-02-28 05:00:00+00:00
1389,2026-02-28T08:00:00Z,s-00462,2026-02-28 08:00:00+00:00
1390,2026-02-28T05:00:00Z,s-00463,2026-02-28 05:00:00+00:00
1391,2026-02-28T08:00:00Z,s-00463,2026-02-28 08:00:00+00:00
1392,2026-02-28T11:00:00Z,s-00463,2026-02-28 11:00:00+00:00
1393,2026-02-28T08:00:00Z,s-00464,2026-02-28 08:00:00+00:00
1394,2026-02-28T11:00:00Z,s-00464,2026-02-28 11:00:00+00:00
1395,2026-02-28T14:00:00Z,s-00464,2026-02-28 14:00:00+00:00
1396,2026-02-28T11:00:00Z,s-00465,2026-02-28 11:00:00+00:00
1397,2026-02-28T14:00:00Z,s-00465,2026-02-28 14:00:00+00:00
1398,2026-02-28T17:00:00Z,s-00465,2026-02-28 17:00:00+00:00
1399,2026-02-28T14:00:00Z,s-00466,2026-02-28 14:00:00+00:00
1400,2026-02-28T17:00:00Z,s-00466,2026-02-28 17:00:00+00:00
1401,2026-02-28T20:00:00Z,s-00466,2026-02-28 20:00:00+00:00
1402,2026-02-28T17:00:00Z,s-00467,2026-02-28 17:00:00+00:00
1403,2026-02-28T20:00:00Z,s-00467,2026-02-28 20:00:00+00:00
1404,2026-02-28T23:00:00Z,s-00467,2026-02-28 23:00:00+00:00
1405,2026-02-28T20:00:00Z,s-00468,2026-02-28 20:00:00+00:00
1406,2026-02-28T23:00:00Z,s-00468,2026-02-28 23:00:00+00:00
1407,2026-03-01T02:00:00Z,s-00468,2026-03-01 02:00:00+00:00
1408,2026-02-28T23:00:00Z,s-00469,2026-02-28 23:00:00+00:00
1409,2026-03-01T02:00:00Z,s-00469,2026-03-01 02:00:00+00:00
1410,2026-03-01T05:00:00Z,s-00469,2026-03-01 05:00:00+00:00
1411,2026-03-01T02:00:00Z,s-00470,2026-03-01 02:00:00+00:00
1412,2026-03-01T05:00:00Z,s-00470,2026-03-01 05:00:00+00:00
1413,2026-03-01T08:00:00Z,s-00470,2026-03-01 08:00:00+00:00
1414,2026-03-01T05:00:00Z,s-00471,2026-03-01 05:00:00+00:00
1415,2026-03-01T08:00:00Z,s-00471,2026-03-01 08:00:00+00:00
1416,2026-03-01T11:00:00Z,s-00471,2026-03-01 11:00:00+00:00
1417,2026-03-01T08:00:00Z,s-00472,2026-03-01 08:00:00+00:00
1418,2026-03-01T11:00:00Z,s-00472,2026-03-01 11:00:00+00:00
1419,2026-03-01T14:00:00Z,s-00472,2026-03-01 14:00:00+00:00
1420,2026-03-01T11:00:00Z,s-00473,2026-03-01 11:00:00+00:00
1421,2026-03-01T14:00:00Z,s-00473,2026-03-01 14:00:00+00:00
1422,2026-03-01T17:00:00Z,s-00473,2026-03-01 17:00:00+00:00
1423,2026-03-01T14:00:00Z,s-00474,2026-03-01 14:00:00+00:00
1424,2026-03-01T17:00:00Z,s-00474,2026-03-01 17:00:00+00:00
1425,2026-03-01T20:00:00Z,s-00474,2026-03-01 20:00:00+00:00
1426,2026-03-01T17:00:00Z,s-00475,2026-03-01 17:00:00+00:00
1427,2026-03-01T20:00:00Z,s-00475,2026-03-01 20:00:00+00:00
1428,2026-03-01T23:00:00Z,s-00475,2026-03-01 23:00:00+00:00
1429,2026-03-01T20:00:00Z,s-00476,2026-03-01 20:00:00+00:00
1430,2026-03-01T23:00:00Z,s-00476,2026-03-01 23:00:00+00:00
1431,2026-03-02T02:00:00Z,s-00476,2026-03-02 02:00:00+00:00
1432,2026-03-01T23:00:00Z,s-00477,2026-03-01 23:00:00+00:00
1433,2026-03-02T02:00:00Z,s-00477,2026-03-02 02:00:00+00:00
1434,2026-03-02T05:00:00Z,s-00477,2026-03-02 05:00:00+00:00
1435,2026-03-02T02:00:00Z,s-00478,2026-03-02 02:00:00+00:00
1436,2026-03-02T05:00:00Z,s-00478,2026-03-02 05:00:00+00:00
1437,2026-03-02T08:00:00Z,s-00478,2026-03-02 08:00:00+00:00
1438,2026-03-02T05:00:00Z,s-00479,2026-03-02 05:00:00+00:00
1439,2026-03-02T08:00:00Z,s-00479,2026-03-02 08:00:00+00:00
1440,2026-03-02T11:00:00Z,s-00479,2026-03-02 11:00:00+00:00
1441,2026-03-02T08:00:00Z,s-00480,2026-03-02 08:00:00+00:00
1442,2026-03-02T11:00:00Z,s-00480,2026-03-02 11:00:00+00:00
1443,2026-03-02T14:00:00Z,s-00480,2026-03-02 14:00:00+00:00
1444,2026-03-02T11:00:00Z,s-00481,2026-03-02 11:00:00+00:00
1445,2026-03-02T14:00:00Z,s-00481,2026-03-02 14:00:00+00:00
1446,2026-03-02T17:00:00Z,s-00481,2026-03-02 17:00:00+00:00
1447,2026-03-02T14:00:00Z,s-00482,2026-03-02 14:00:00+00:00
1448,2026-03-02T17:00:00Z,s-00482,2026-03-02 17:00:00+00:00
1449,2026-03-02T20:00:00Z,s-00482,2026-03-02 20:00:00+00:00
1450,2026-03-02T17:00:00Z,s-00483,2026-03-02 17:00:00+00:00
1451,2026-03-02T20:00:00Z,s-00483,2026-03-02 20:00:00+00:00
1452,2026-03-02T23:00:00Z,s-00483,2026-03-02 23:00:00+00:00
1453,2026-03-02T20:00:00Z,s-00484,2026-03-02 20:00:00+00:00
1454,2026-03-02T23:00:00Z,s-00484,2026-03-02 23:00:00+00:00
1455,2026-03-03T02:00:00Z,s-00484,2026-03-03 02:00:00+00:00
1456,2026-03-02T23:00:00Z,s-00485,2026-03-02 23:00:00+00:00
1457,2026-03-03T02:00:00Z,s-00485,2026-03-03 02:00:00+00:00
1458,2026-03-03T05:00:00Z,s-00485,2026-03-03 05:00:00+00:00
1459,2026-03-03T02:00:00Z,s-00486,2026-03-03 02:00:00+00:00
1460,2026-03-03T05:00:00Z,s-00486,2026-03-03 05:00:00+00:00
1461,2026-03-03T08:00:00Z,s-00486,2026-03-03 08:00:00+00:00
1462,2026-03-03T05:00:00Z,s-00487,2026-03-03 05:00:00+00:00
1463,2026-03-03T08:00:00Z,s-00487,2026-03-03 08:00:00+00:00
1464,2026-03-03T11:00:00Z,s-00487,2026-03-03 11:00:00+00:00
1465,2026-03-03T08:00:00Z,s-00488,2026-03-03 08:00:00+00:00
1466,2026-03-03T11:00:00Z,s-00488,2026-03-03 11:00:00+00:00
1467,2026-03-03T14:00:00Z,s-00488,2026-03-03 14:00:00+00:00
1468,2026-03-03T11:00:00Z,s-00489,2026-03-03 11:00:00+00:00
1469,2026-03-03T14:00:00Z,s-00489,2026-03-03 14:00:00+00:00
1470,2026-03-03T17:00:00Z,s-00489,2026-03-03 17:00:00+00:00
1471,2026-03-03T14:00:00Z,s-00490,2026-03-03 14:00:00+00:00
1472,2026-03-03T17:00:00Z,s-00490,2026-03-03 17:00:00+00:00
1473,2026-03-03T20:00:00Z,s-00490,2026-03-03 20:00:00+00:00
1474,2026-03-03T17:00:00Z,s-00491,2026-03-03 17:00:00+00:00
1475,2026-03-03T20:00:00Z,s-00491,2026-03-03 20:00:00+00:00
1476,2026-03-03T23:00:00Z,s-00491,2026-03-03 23:00:00+00:00
1477,2026-03-03T20:00:00Z,s-00492,2026-03-03 20:00:00+00:00
1478,2026-03-03T23:00:00Z,s-00492,2026-03-03 23:00:00+00:00
1479,2026-03-04T02:00:00Z,s-00492,2026-03-04 02:00:00+00:00
1480,2026-03-03T23:00:00Z,s-00493,2026-03-03 23:00:00+00:00
1481,2026-03-04T02:00:00Z,s-00493,2026-03-04 02:00:00+00:00
1482,2026-03-04T05:00:00Z,s-00493,2026-03-04 05:00:00+00:00
1483,2026-03-04T02:00:00Z,s-00494,2026-03-04 02:00:00+00:00
1484,2026-03-04T05:00:00Z,s-00494,2026-03-04 05:00:00+00:00
1485,2026-03-04T08:00:00Z,s-00494,2026-03-04 08:00:00+00:00
1486,2026-03-04T05:00:00Z,s-00495,2026-03-04 05:00:00+00:00
1487,2026-03-04T08:00:00Z,s-00495,2026-03-04 08:00:00+00:00
1488,2026-03-04T11:00:00Z,s-00495,2026-03-04 11:00:00+00:00
1489,2026-03-04T08:00:00Z,s-00496,2026-03-04 08:00:00+00:00
1490,2026-03-04T11:00:00Z,s-00496,2026-03-04 11:00:00+00:00
1491,2026-03-04T14:00:00Z,s-00496,2026-03-04 14:00:00+00:00
1492,2026-03-04T11:00:00Z,s-00497,2026-03-04 11:00:00+00:00
1493,2026-03-04T14:00:00Z,s-00497,2026-03-04 14:00:00+00:00
1494,2026-03-04T17:00:00Z,s-00497,2026-03-04 17:00:00+00:00
1495,2026-03-04T14:00:00Z,s-00498,2026-03-04 14:00:00+00:00
1496,2026-03-04T17:00:00Z,s-00498,2026-03-04 17:00:00+00:00
1497,2026-03-04T20:00:00Z,s-00498,2026-03-04 20:00:00+00:00
1498,2026-03-04T17:00:00Z,s-00499,2026-03-04 17:00:00+00:00
1499,2026-03-04T20:00:00Z,s-00499,2026-03-04 20:00:00+00:00
1500,2026-03-04T23:00:00Z,s-00499,2026-03-04 23:00:00+00:00
1501,2026-03-04T20:00:00Z,s-00500,2026-03-04 20:00:00+00:00
1502,2026-03-04T23:00:00Z,s-00500,2026-03-04 23:00:00+00:00
1503,2026-03-05T02:00:00Z,s-00500,2026-03-05 02:00:00+00:00
1504,2026-03-04T23:00:00Z,s-00501,2026-03-04 23:00:00+00:00
1505,2026-03-05T02:00:00Z,s-00501,2026-03-05 02:00:00+00:00
1506,2026-03-05T05:00:00Z,s-00501,2026-03-05 05:00:00+00:00
1507,2026-03-05T02:00:00Z,s-00502,2026-03-05 02:00:00+00:00
1508,2026-03-05T05:00:00Z,s-00502,2026-03-05 05:00:00+00:00
1509,2026-03-05T08:00:00Z,s-00502,2026-03-05 08:00:00+00:00
1510,2026-03-05T05:00:00Z,s-00503,2026-03-05 05:00:00+00:00
1511,2026-03-05T08:00:00Z,s-00503,2026-03-05 08:00:00+00:00
1512,2026-03-05T11:00:00Z,s-00503,2026-03-05 11:00:00+00:00
1513,2026-03-05T08:00:00Z,s-00504,2026-03-05 08:00:00+00:00
1514,2026-03-05T11:00:00Z,s-00504,2026-03-05 11:00:00+00:00
1515,2026-03-05T14:00:00Z,s-00504,2026-03-05 14:00:00+00:00
1516,2026-03-05T11:00:00Z,s-00505,2026-03-05 11:00:00+00:00
1517,2026-03-05T14:00:00Z,s-00505,2026-03-05 14:00:00+00:00
1518,2026-03-05T17:00:00Z,s-00505,2026-03-05 17:00:00+00:00
1519,2026-03-05T14:00:00Z,s-00506,2026-03-05 14:00:00+00:00
1520,2026-03-05T17:00:00Z,s-00506,2026-03-05 17:00:00+00:00
1521,2026-03-05T20:00:00Z,s-00506,2026-03-05 20:00:00+00:00
1522,2026-03-05T17:00:00Z,s-00507,2026-03-05 17:00:00+00:00
1523,2026-03-05T20:00:00Z,s-00507,2026-03-05 20:00:00+00:00
1524,2026-03-05T23:00:00Z,s-00507,2026-03-05 23:00:00+00:00
1525,2026-03-05T20:00:00Z,s-00508,2026-03-05 20:00:00+00:00
1526,2026-03-05T23:00:00Z,s-00508,2026-03-05 23:00:00+00:00
1527,2026-03-06T02:00:00Z,s-00508,2026-03-06 02:00:00+00:00
1528,2026-03-05T23:00:00Z,s-00509,2026-03-05 23:00:00+00:00
1529,2026-03-06T02:00:00Z,s-00509,2026-03-06 02:00:00+00:00
1530,2026-03-06T05:00:00Z,s-00509,2026-03-06 05:00:00+00:00
1531,2026-03-06T02:00:00Z,s-00510,2026-03-06 02:00:00+00:00
1532,2026-03-06T05:00:00Z,s-00510,2026-03-06 05:00:00+00:00
1533,2026-03-06T08:00:00Z,s-00510,2026-03-06 08:00:00+00:00
1534,2026-03-06T05:00:00Z,s-00511,2026-03-06 05:00:00+00:00
1535,2026-03-06T08:00:00Z,s-00511,2026-03-06 08:00:00+00:00
1536,2026-03-06T11:00:00Z,s-00511,2026-03-06 11:00:00+00:00
1537,2026-03-06T08:00:00Z,s-00512,2026-03-06 08:00:00+00:00
1538,2026-03-06T11:00:00Z,s-00512,2026-03-06 11:00:00+00:00
1539,2026-03-06T14:00:00Z,s-00512,2026-03-06 14:00:00+00:00
1540,2026-03-06T11:00:00Z,s-00513,2026-03-06 11:00:00+00:00
1541,2026-03-06T14:00:00Z,s-00513,2026-03-06 14:00:00+00:00
1542,2026-03-06T17:00:00Z,s-00513,2026-03-06 17:00:00+00:00
1543,2026-03-06T14:00:00Z,s-00514,2026-03-06 14:00:00+00:00
1544,2026-03-06T17:00:00Z,s-00514,2026-03-06 17:00:00+00:00
1545,2026-03-06T20:00:00Z,s-00514,2026-03-06 20:00:00+00:00
1546,2026-03-06T17:00:00Z,s-00515,2026-03-06 17:00:00+00:00
1547,2026-03-06T20:00:00Z,s-00515,2026-03-06 20:00:00+00:00
1548,2026-03-06T23:00:00Z,s-00515,2026-03-06 23:00:00+00:00
1549,2026-03-06T20:00:00Z,s-00516,2026-03-06 20:00:00+00:00
1550,2026-03-06T23:00:00Z,s-00516,2026-03-06 23:00:00+00:00
1551,2026-03-07T02:00:00Z,s-00516,2026-03-07 02:00:00+00:00
1552,2026-03-06T23:00:00Z,s-00517,2026-03-06 23:00:00+00:00
1553,2026-03-07T02:00:00Z,s-00517,2026-03-07 02:00:00+00:00
1554,2026-03-07T05:00:00Z,s-00517,2026-03-07 05:00:00+00:00
1555,2026-03-07T02:00:00Z,s-00518,2026-03-07 02:00:00+00:00
1556,2026-03-07T05:00:00Z,s-00518,2026-03-07 05:00:00+00:00
1557,2026-03-07T08:00:00Z,s-00518,2026-03-07 08:00:00+00:00
1558,2026-03-07T05:00:00Z,s-00519,2026-03-07 05:00:00+00:00
1559,2026-03-07T08:00:00Z,s-00519,2026-03-07 08:00:00+00:00
1560,2026-03-07T11:00:00Z,s-00519,2026-03-07 11:00:00+00:00
1561,2026-03-07T08:00:00Z,s-00520,2026-03-07 08:00:00+00:00
1562,2026-03-07T11:00:00Z,s-00520,2026-03-07 11:00:00+00:00
1563,2026-03-07T14:00:00Z,s-00520,2026-03-07 14:00:00+00:00
1564,2026-03-07T11:00:00Z,s-00521,2026-03-07 11:00:00+00:00
1565,2026-03-07T14:00:00Z,s-00521,2026-03-07 14:00:00+00:00
1566,2026-03-07T17:00:00Z,s-00521,2026-03-07 17:00:00+00:00
1567,2026-03-07T14:00:00Z,s-00522,2026-03-07 14:00:00+00:00
1568,2026-03-07T17:00:00Z,s-00522,2026-03-07 17:00:00+00:00
1569,2026-03-07T20:00:00Z,s-00522,2026-03-07 20:00:00+00:00
1570,2026-03-07T17:00:00Z,s-00523,2026-03-07 17:00:00+00:00
1571,2026-03-07T20:00:00Z,s-00523,2026-03-07 20:00:00+00:00
1572,2026-03-07T23:00:00Z,s-00523,2026-03-07 23:00:00+00:00
1573,2026-03-07T20:00:00Z,s-00524,2026-03-07 20:00:00+00:00
1574,2026-03-07T23:00:00Z,s-00524,2026-03-07 23:00:00+00:00
1575,2026-03-08T02:00:00Z,s-00524,2026-03-08 02:00:00+00:00
1576,2026-03-07T23:00:00Z,s-00525,2026-03-07 23:00:00+00:00
1577,2026-03-08T02:00:00Z,s-00525,2026-03-08 02:00:00+00:00
1578,2026-03-08T05:00:00Z,s-00525,2026-03-08 05:00:00+00:00
1579,2026-03-08T02:00:00Z,s-00526,2026-03-08 02:00:00+00:00
1580,2026-03-08T05:00:00Z,s-00526,2026-03-08 05:00:00+00:00
1581,2026-03-08T08:00:00Z,s-00526,2026-03-08 08:00:00+00:00
1582,2026-03-08T05:00:00Z,s-00527,2026-03-08 05:00:00+00:00
1583,2026-03-08T08:00:00Z,s-00527,2026-03-08 08:00:00+00:00
1584,2026-03-08T11:00:00Z,s-00527,2026-03-08 11:00:00+00:00
1585,2026-03-08T08:00:00Z,s-00528,2026-03-08 08:00:00+00:00
1586,2026-03-08T11:00:00Z,s-00528,2026-03-08 11:00:00+00:00
1587,2026-03-08T14:00:00Z,s-00528,2026-03-08 14:00:00+00:00
1588,2026-03-08T11:00:00Z,s-00529,2026-03-08 11:00:00+00:00
1589,2026-03-08T14:00:00Z,s-00529,2026-03-08 14:00:00+00:00
1590,2026-03-08T17:00:00Z,s-00529,2026-03-08 17:00:00+00:00
1591,2026-03-08T14:00:00Z,s-00530,2026-03-08 14:00:00+00:00
1592,2026-03-08T17:00:00Z,s-00530,2026-03-08 17:00:00+00:00
1593,2026-03-08T20:00:00Z,s-00530,2026-03-08 20:00:00+00:00
1594,2026-03-08T17:00:00Z,s-00531,2026-03-08 17:00:00+00:00
1595,2026-03-08T20:00:00Z,s-00531,2026-03-08 20:00:00+00:00
1596,2026-03-08T23:00:00Z,s-00531,2026-03-08 23:00:00+00:00
1597,2026-03-08T20:00:00Z,s-00532,2026-03-08 20:00:00+00:00
1598,2026-03-08T23:00:00Z,s-00532,2026-03-08 23:00:00+00:00
1599,2026-03-09T02:00:00Z,s-00532,2026-03-09 02:00:00+00:00
1600,2026-03-08T23:00:00Z,s-00533,2026-03-08 23:00:00+00:00
1601,2026-03-09T02:00:00Z,s-00533,2026-03-09 02:00:00+00:00
1602,2026-03-09T05:00:00Z,s-00533,2026-03-09 05:00:00+00:00
1603,2026-03-09T02:00:00Z,s-00534,2026-03-09 02:00:00+00:00
1604,2026-03-09T05:00:00Z,s-00534,2026-03-09 05:00:00+00:00
1605,2026-03-09T08:00:00Z,s-00534,2026-03-09 08:00:00+00:00
1606,2026-03-09T05:00:00Z,s-00535,2026-03-09 05:00:00+00:00
1607,2026-03-09T08:00:00Z,s-00535,2026-03-09 08:00:00+00:00
1608,2026-03-09T11:00:00Z,s-00535,2026-03-09 11:00:00+00:00
1609,2026-03-09T08:00:00Z,s-00536,2026-03-09 08:00:00+00:00
1610,2026-03-09T11:00:00Z,s-00536,2026-03-09 11:00:00+00:00
1611,2026-03-09T14:00:00Z,s-00536,2026-03-09 14:00:00+00:00
1612,2026-03-09T11:00:00Z,s-00537,2026-03-09 11:00:00+00:00
1613,2026-03-09T14:00:00Z,s-00537,2026-03-09 14:00:00+00:00
1614,2026-03-09T17:00:00Z,s-00537,2026-03-09 17:00:00+00:00
1615,2026-03-09T14:00:00Z,s-00538,2026-03-09 14:00:00+00:00
1616,2026-03-09T17:00:00Z,s-00538,2026-03-09 17:00:00+00:00
1617,2026-03-09T20:00:00Z,s-00538,2026-03-09 20:00:00+00:00
1618,2026-03-09T17:00:00Z,s-00539,2026-03-09 17:00:00+00:00
1619,2026-03-09T20:00:00Z,s-00539,2026-03-09 20:00:00+00:00
1620,2026-03-09T23:00:00Z,s-00539,2026-03-09 23:00:00+00:00
1621,2026-03-09T20:00:00Z,s-00540,2026-03-09 20:00:00+00:00
1622,2026-03-09T23:00:00Z,s-00540,2026-03-09 23:00:00+00:00
1623,2026-03-10T02:00:00Z,s-00540,2026-03-10 02:00:00+00:00
1624,2026-03-09T23:00:00Z,s-00541,2026-03-09 23:00:00+00:00
1625,2026-03-10T02:00:00Z,s-00541,2026-03-10 02:00:00+00:00
1626,2026-03-10T05:00:00Z,s-00541,2026-03-10 05:00:00+00:00
1627,2026-03-10T02:00:00Z,s-00542,2026-03-10 02:00:00+00:00
1628,2026-03-10T05:00:00Z,s-00542,2026-03-10 05:00:00+00:00
1629,2026-03-10T08:00:00Z,s-00542,2026-03-10 08:00:00+00:00
1630,2026-03-10T05:00:00Z,s-00543,2026-03-10 05:00:00+00:00
1631,2026-03-10T08:00:00Z,s-00543,2026-03-10 08:00:00+00:00
1632,2026-03-10T11:00:00Z,s-00543,2026-03-10 11:00:00+00:00
1633,2026-03-10T08:00:00Z,s-00544,2026-03-10 08:00:00+00:00
1634,2026-03-10T11:00:00Z,s-00544,2026-03-10 11:00:00+00:00
1635,2026-03-10T14:00:00Z,s-00544,2026-03-10 14:00:00+00:00
1636,2026-03-10T11:00:00Z,s-00545,2026-03-10 11:00:00+00:00
1637,2026-03-10T14:00:00Z,s-00545,2026-03-10 14:00:00+00:00
1638,2026-03-10T17:00:00Z,s-00545,2026-03-10 17:00:00+00:00
1639,2026-03-10T14:00:00Z,s-00546,2026-03-10 14:00:00+00:00
1640,2026-03-10T17:00:00Z,s-00546,2026-03-10 17:00:00+00:00
1641,2026-03-10T20:00:00Z,s-00546,2026-03-10 20:00:00+00:00
1642,2026-03-10T17:00:00Z,s-00547,2026-03-10 17:00:00+00:00
1643,2026-03-10T20:00:00Z,s-00547,2026-03-10 20:00:00+00:00
1644,2026-03-10T23:00:00Z,s-00547,2026-03-10 23:00:00+00:00
1645,2026-03-10T20:00:00Z,s-00548,2026-03-10 20:00:00+00:00
1646,2026-03-10T23:00:00Z,s-00548,2026-03-10 23:00:00+00:00
1647,2026-03-11T02:00:00Z,s-00548,2026-03-11 02:00:00+00:00
1648,2026-03-10T23:00:00Z,s-00549,2026-03-10 23:00:00+00:00
1649,2026-03-11T02:00:00Z,s-00549,2026-03-11 02:00:00+00:00
1650,2026-03-11T05:00:00Z,s-00549,2026-03-11 05:00:00+00:00
1651,2026-03-11T02:00:00Z,s-00550,2026-03-11 02:00:00+00:00
1652,2026-03-11T05:00:00Z,s-00550,2026-03-11 05:00:00+00:00
1653,2026-03-11T08:00:00Z,s-00550,2026-03-11 08:00:00+00:00
1654,2026-03-11T05:00:00Z,s-00551,2026-03-11 05:00:00+00:00
1655,2026-03-11T08:00:00Z,s-00551,2026-03-11 08:00:00+00:00
1656,2026-03-11T11:00:00Z,s-00551,2026-03-11 11:00:00+00:00
1657,2026-03-11T08:00:00Z,s-00552,2026-03-11 08:00:00+00:00
1658,2026-03-11T11:00:00Z,s-00552,2026-03-11 11:00:00+00:00
1659,2026-03-11T14:00:00Z,s-00552,2026-03-11 14:00:00+00:00
1660,2026-03-11T11:00:00Z,s-00553,2026-03-11 11:00:00+00:00
1661,2026-03-11T14:00:00Z,s-00553,2026-03-11 14:00:00+00:00
1662,2026-03-11T17:00:00Z,s-00553,2026-03-11 17:00:00+00:00
1663,2026-03-11T14:00:00Z,s-00554,2026-03-11 14:00:00+00:00
1664,2026-03-11T17:00:00Z,s-00554,2026-03-11 17:00:00+00:00
1665,2026-03-11T20:00:00Z,s-00554,2026-03-11 20:00:00+00:00
1666,2026-03-11T17:00:00Z,s-00555,2026-03-11 17:00:00+00:00
1667,2026-03-11T20:00:00Z,s-00555,2026-03-11 20:00:00+00:00
1668,2026-03-11T23:00:00Z,s-00555,2026-03-11 23:00:00+00:00
1669,2026-03-11T20:00:00Z,s-00556,2026-03-11 20:00:00+00:00
1670,2026-03-11T23:00:00Z,s-00556,2026-03-11 23:00:00+00:00
1671,2026-03-12T02:00:00Z,s-00556,2026-03-12 02:00:00+00:00
1672,2026-03-11T23:00:00Z,s-00557,2026-03-11 23:00:00+00:00
1673,2026-03-12T02:00:00Z,s-00557,2026-03-12 02:00:00+00:00
1674,2026-03-12T05:00:00Z,s-00557,2026-03-12 05:00:00+00:00
1675,2026-03-12T02:00:00Z,s-00558,2026-03-12 02:00:00+00:00
1676,2026-03-12T05:00:00Z,s-00558,2026-03-12 05:00:00+00:00
1677,2026-03-12T08:00:00Z,s-00558,2026-03-12 08:00:00+00:00
1678,2026-03-12T05:00:00Z,s-00559,2026-03-12 05:00:00+00:00
1679,2026-03-12T08:00:00Z,s-00559,2026-03-12 08:00:00+00:00
1680,2026-03-12T11:00:00Z,s-00559,2026-03-12 11:00:00+00:00
1681,2026-03-12T08:00:00Z,s-00560,2026-03-12 08:00:00+00:00
1682,2026-03-12T11:00:00Z,s-00560,2026-03-12 11:00:00+00:00
1683,2026-03-12T14:00:00Z,s-00560,2026-03-12 14:00:00+00:00
1684,2026-03-12T11:00:00Z,s-00561,2026-03-12 11:00:00+00:00
1685,2026-03-12T14:00:00Z,s-00561,2026-03-12 14:00:00+00:00
1686,2026-03-12T17:00:00Z,s-00561,2026-03-12 17:00:00+00:00
1687,2026-03-12T14:00:00Z,s-00562,2026-03-12 14:00:00+00:00
1688,2026-03-12T17:00:00Z,s-00562,2026-03-12 17:00:00+00:00
1689,2026-03-12T20:00:00Z,s-00562,2026-03-12 20:00:00+00:00
1690,2026-03-12T17:00:00Z,s-00563,2026-03-12 17:00:00+00:00
1691,2026-03-12T20:00:00Z,s-00563,2026-03-12 20:00:00+00:00
1692,2026-03-12T23:00:00Z,s-00563,2026-03-12 23:00:00+00:00
1693,2026-03-12T20:00:00Z,s-00564,2026-03-12 20:00:00+00:00
1694,2026-03-12T23:00:00Z,s-00564,2026-03-12 23:00:00+00:00
1695,2026-03-13T02:00:00Z,s-00564,2026-03-13 02:00:00+00:00
1696,2026-03-12T23:00:00Z,s-00565,2026-03-12 23:00:00+00:00
1697,2026-03-13T02:00:00Z,s-00565,2026-03-13 02:00:00+00:00
1698,2026-03-13T05:00:00Z,s-00565,2026-03-13 05:00:00+00:00
1699,2026-03-13T02:00:00Z,s-00566,2026-03-13 02:00:00+00:00
1700,2026-03-13T05:00:00Z,s-00566,2026-03-13 05:00:00+00:00
1701,2026-03-13T08:00:00Z,s-00566,2026-03-13 08:00:00+00:00
1702,2026-03-13T05:00:00Z,s-00567,2026-03-13 05:00:00+00:00
1703,2026-03-13T08:00:00Z,s-00567,2026-03-13 08:00:00+00:00
1704,2026-03-13T11:00:00Z,s-00567,2026-03-13 11:00:00+00:00
1705,2026-03-13T08:00:00Z,s-00568,2026-03-13 08:00:00+00:00
1706,2026-03-13T11:00:00Z,s-00568,2026-03-13 11:00:00+00:00
1707,2026-03-13T14:00:00Z,s-00568,2026-03-13 14:00:00+00:00
1708,2026-03-13T11:00:00Z,s-00569,2026-03-13 11:00:00+00:00
1709,2026-03-13T14:00:00Z,s-00569,2026-03-13 14:00:00+00:00
1710,2026-03-13T17:00:00Z,s-00569,2026-03-13 17:00:00+00:00
1711,2026-03-13T14:00:00Z,s-00570,2026-03-13 14:00:00+00:00
1712,2026-03-13T17:00:00Z,s-00570,2026-03-13 17:00:00+00:00
1713,2026-03-13T20:00:00Z,s-00570,2026-03-13 20:00:00+00:00
1714,2026-03-13T17:00:00Z,s-00571,2026-03-13 17:00:00+00:00
1715,2026-03-13T20:00:00Z,s-00571,2026-03-13 20:00:00+00:00
1716,2026-03-13T23:00:00Z,s-00571,2026-03-13 23:00:00+00:00
1717,2026-03-13T20:00:00Z,s-00572,2026-03-13 20:00:00+00:00
1718,2026-03-13T23:00:00Z,s-00572,2026-03-13 23:00:00+00:00
1719,2026-03-14T02:00:00Z,s-00572,2026-03-14 02:00:00+00:00
1720,2026-03-13T23:00:00Z,s-00573,2026-03-13 23:00:00+00:00
1721,2026-03-14T02:00:00Z,s-00573,2026-03-14 02:00:00+00:00
1722,2026-03-14T05:00:00Z,s-00573,2026-03-14 05:00:00+00:00
1723,2026-03-14T02:00:00Z,s-00574,2026-03-14 02:00:00+00:00
1724,2026-03-14T05:00:00Z,s-00574,2026-03-14 05:00:00+00:00
1725,2026-03-14T08:00:00Z,s-00574,2026-03-14 08:00:00+00:00
1726,2026-03-14T05:00:00Z,s-00575,2026-03-14 05:00:00+00:00
1727,2026-03-14T08:00:00Z,s-00575,2026-03-14 08:00:00+00:00
1728,2026-03-14T11:00:00Z,s-00575,2026-03-14 11:00:00+00:00
1729,2026-03-14T08:00:00Z,s-00576,2026-03-14 08:00:00+00:00
1730,2026-03-14T11:00:00Z,s-00576,2026-03-14 11:00:00+00:00
1731,2026-03-14T14:00:00Z,s-00576,2026-03-14 14:00:00+00:00
1732,2026-03-14T11:00:00Z,s-00577,2026-03-14 11:00:00+00:00
1733,2026-03-14T14:00:00Z,s-00577,2026-03-14 14:00:00+00:00
1734,2026-03-14T17:00:00Z,s-00577,2026-03-14 17:00:00+00:00
1735,2026-03-14T14:00:00Z,s-00578,2026-03-14 14:00:00+00:00
1736,2026-03-14T17:00:00Z,s-00578,2026-03-14 17:00:00+00:00
1737,2026-03-14T20:00:00Z,s-00578,2026-03-14 20:00:00+00:00
1738,2026-03-14T17:00:00Z,s-00579,2026-03-14 17:00:00+00:00
1739,2026-03-14T20:00:00Z,s-00579,2026-03-14 20:00:00+00:00
1740,2026-03-14T23:00:00Z,s-00579,2026-03-14 23:00:00+00:00
1741,2026-03-14T20:00:00Z,s-00580,2026-03-14 20:00:00+00:00
1742,2026-03-14T23:00:00Z,s-00580,2026-03-14 23:00:00+00:00
1743,2026-03-15T02:00:00Z,s-00580,2026-03-15 02:00:00+00:00
1744,2026-03-14T23:00:00Z,s-00581,2026-03-14 23:00:00+00:00
1745,2026-03-15T02:00:00Z,s-00581,2026-03-15 02:00:00+00:00
1746,2026-03-15T05:00:00Z,s-00581,2026-03-15 05:00:00+00:00
1747,2026-03-15T02:00:00Z,s-00582,2026-03-15 02:00:00+00:00
1748,2026-03-15T05:00:00Z,s-00582,2026-03-15 05:00:00+00:00
1749,2026-03-15T08:00:00Z,s-00582,2026-03-15 08:00:00+00:00
1750,2026-03-15T05:00:00Z,s-00583,2026-03-15 05:00:00+00:00
1751,2026-03-15T08:00:00Z,s-00583,2026-03-15 08:00:00+00:00
1752,2026-03-15T11:00:00Z,s-00583,2026-03-15 11:00:00+00:00
1753,2026-03-15T08:00:00Z,s-00584,2026-03-15 08:00:00+00:00
1754,2026-03-15T11:00:00Z,s-00584,2026-03-15 11:00:00+00:00
1755,2026-03-15T14:00:00Z,s-00584,2026-03-15 14:00:00+00:00
1756,2026-03-15T11:00:00Z,s-00585,2026-03-15 11:00:00+00:00
1757,2026-03-15T14:00:00Z,s-00585,2026-03-15 14:00:00+00:00
1758,2026-03-15T17:00:00Z,s-00585,2026-03-15 17:00:00+00:00
1759,2026-03-15T14:00:00Z,s-00586,2026-03-15 14:00:00+00:00
1760,2026-03-15T17:00:00Z,s-00586,2026-03-15 17:00:00+00:00
1761,2026-03-15T20:00:00Z,s-00586,2026-03-15 20:00:00+00:00
1762,2026-03-15T17:00:00Z,s-00587,2026-03-15 17:00:00+00:00
1763,2026-03-15T20:00:00Z,s-00587,2026-03-15 20:00:00+00:00
1764,2026-03-15T23:00:00Z,s-00587,2026-03-15 23:00:00+00:00
1765,2026-03-15T20:00:00Z,s-00588,2026-03-15 20:00:00+00:00
1766,2026-03-15T23:00:00Z,s-00588,2026-03-15 23:00:00+00:00
1767,2026-03-16T02:00:00Z,s-00588,2026-03-16 02:00:00+00:00
1768,2026-03-15T23:00:00Z,s-00589,2026-03-15 23:00:00+00:00
1769,2026-03-16T02:00:00Z,s-00589,2026-03-16 02:00:00+00:00
1770,2026-03-16T05:00:00Z,s-00589,2026-03-16 05:00:00+00:00
1771,2026-03-16T02:00:00Z,s-00590,2026-03-16 02:00:00+00:00
1772,2026-03-16T05:00:00Z,s-00590,2026-03-16 05:00:00+00:00
1773,2026-03-16T08:00:00Z,s-00590,2026-03-16 08:00:00+00:00
1774,2026-03-16T05:00:00Z,s-00591,2026-03-16 05:00:00+00:00
1775,2026-03-16T08:00:00Z,s-00591,2026-03-16 08:00:00+00:00
1776,2026-03-16T11:00:00Z,s-00591,2026-03-16 11:00:00+00:00
1777,2026-03-16T08:00:00Z,s-00592,2026-03-16 08:00:00+00:00
1778,2026-03-16T11:00:00Z,s-00592,2026-03-16 11:00:00+00:00
1779,2026-03-16T14:00:00Z,s-00592,2026-03-16 14:00:00+00:00
1780,2026-03-16T11:00:00Z,s-00593,2026-03-16 11:00:00+00:00
1781,2026-03-16T14:00:00Z,s-00593,2026-03-16 14:00:00+00:00
1782,2026-03-16T17:00:00Z,s-00593,2026-03-16 17:00:00+00:00
1783,2026-03-16T14:00:00Z,s-00594,2026-03-16 14:00:00+00:00
1784,2026-03-16T17:00:00Z,s-00594,2026-03-16 17:00:00+00:00
1785,2026-03-16T20:00:00Z,s-00594,2026-03-16 20:00:00+00:00
1786,2026-03-16T17:00:00Z,s-00595,2026-03-16 17:00:00+00:00
1787,2026-03-16T20:00:00Z,s-00595,2026-03-16 20:00:00+00:00
1788,2026-03-16T23:00:00Z,s-00595,2026-03-16 23:00:00+00:00
1789,2026-03-16T20:00:00Z,s-00596,2026-03-16 20:00:00+00:00
1790,2026-03-16T23:00:00Z,s-00596,2026-03-16 23:00:00+00:00
1791,2026-03-17T02:00:00Z,s-00596,2026-03-17 02:00:00+00:00
1792,2026-03-16T23:00:00Z,s-00597,2026-03-16 23:00:00+00:00
1793,2026-03-17T02:00:00Z,s-00597,2026-03-17 02:00:00+00:00
1794,2026-03-17T05:00:00Z,s-00597,2026-03-17 05:00:00+00:00
1795,2026-03-17T02:00:00Z,s-00598,2026-03-17 02:00:00+00:00
1796,2026-03-17T05:00:00Z,s-00598,2026-03-17 05:00:00+00:00
1797,2026-03-17T08:00:00Z,s-00598,2026-03-17 08:00:00+00:00
1798,2026-03-17T05:00:00Z,s-00599,2026-03-17 05:00:00+00:00
1799,2026-03-17T08:00:00Z,s-00599,2026-03-17 08:00:00+00:00
1800,2026-03-17T11:00:00Z,s-00599,2026-03-17 11:00:00+00:00
